,co-imf0,co-imf1,co-imf2
0,0.3131674346423038,-0.6187629626587126,51.535595528016415
1,0.3789546736521284,0.23428391981217933,51.686761406535695
2,-0.1828769337462353,1.640287591807558,51.822589341938674
3,-0.683351947440134,3.1407932952495496,51.94255865219058
4,-0.5978700817691802,4.071721426512619,52.046148655256566
5,0.7072804039168117,4.129880926981322,52.13283866910186
6,-0.6893843993387685,2.947276387647106,52.20210801169167
7,0.70321501914966,1.6733489798591568,52.25343600099118
8,-0.8069323662933152,1.0206304113277496,52.28630195496557
9,0.1744959221950824,0.4853188862248299,52.30018519158009
10,1.3280775321059983,0.5473574390941063,52.29456502879991
11,-1.821237268108328,1.5423164835181156,52.268920784590215
12,-1.8428908937167896,3.060031440720347,52.222859452996445
13,2.312013046373361,4.231434640157316,52.15655231346933
14,-1.3671829985422812,4.196633127573466,52.07054987096881
15,-2.588233665333459,3.582628553430598,51.96560511190287
16,-1.4728481137762848,2.950339866005958,51.84250824777033
17,1.1708276505460014,2.4471228593839056,51.702049490070095
18,2.123746872387809,2.231234077311134,51.54501905030106
19,2.026488457928856,2.0313044021090887,51.37220713996205
20,0.9741612433765026,1.841434786071507,51.18440397055198
21,-1.5578915997445903,1.5754918461748777,50.982399753569716
22,0.1715305765744323,0.8214847229114419,50.76698470051412
23,1.143654675303982,0.18739630181196298,50.538949022884054
24,0.3154535524650745,-0.12453648464348915,50.29908293217842
25,-0.9066393525007548,-0.1415372873953018,50.048176639896056
26,0.4634433123954776,-0.05046366993132423,49.78702035753585
27,0.8075842592088114,-0.12398855580550028,49.51640429659668
28,-0.7668957092356586,-0.830222959341769,49.23711866857742
29,0.7046996721753309,-2.014653357152257,48.94995368497693
30,-0.6111767368973621,-2.954522820396738,48.6556995572941
31,0.0221169851389208,-3.217263482166717,48.35514649702779
32,0.3454321323139737,-3.044516847990834,48.04908471567686
33,0.204647570788467,-2.752951995528677,47.738304424740214
34,-0.2112776441320256,-2.552318191584675,47.42359583571669
35,0.137130028487123,-2.5728830584599454,47.105753029972824
36,-0.2021957207840806,-2.5833943160325257,46.78559003681661
37,0.4023913175539497,-2.96633788448446,46.46394656693052
38,0.109500981640333,-3.3511835316006344,46.141682549960294
39,-0.7112871810068774,-3.1183746721679437,45.81966185317482
40,0.4705831374050711,-1.9693314812479907,45.49874834384292
41,0.9596282064386528,-0.5194413334790318,45.179813127040376
42,0.1675647480330042,0.5086478826783709,44.86378736928862
43,-0.4924910496939321,0.9407571339068258,44.5517339157871
44,-0.2413986602492968,0.9366519382961264,44.24474672195317
45,-1.2689518080650064,0.7550320648608703,43.94391974320414
46,-0.9157639698645388,0.5054170349072701,43.65034693495727
47,0.2207439995166716,0.2641337478534347,43.36512225262989
48,1.3998221240221491,-0.129161775661484,43.089339651639335
49,1.045138971480504,-0.27923205888337366,42.82409308740287
50,-0.1275552946012221,-0.22292122073659115,42.570476515337816
51,-0.7397515718246003,0.2501676809631397,42.32958389086147
52,-1.1344197309142814,1.2419105615231378,42.10250916939114
53,-0.3954826448675043,2.5852617002194624,41.890220944648036
54,0.7633246731591676,3.573488963271967,41.69318636356886
55,-0.4486151123963966,3.6068679010021407,41.51174721139425
56,0.1101592609817135,3.2235954656534638,41.34624527336482
57,-0.2146476703240779,2.977625335602905,41.19702233472117
58,0.0184127260643032,2.817197352223607,41.064389921712085
59,-0.0974750284906436,2.5889484688310813,40.94852655965956
60,0.129672493538544,2.4508289904935157,40.84949851596794
61,0.0075187211036066,2.465265914071517,40.76721536482488
62,-0.1238387930038355,2.4523176113419956,40.70152118166184
63,-0.132227364373367,2.469970182581962,40.6522571817914
64,0.2141222434019919,2.4066118481257597,40.61926590847225
65,-0.1983027695549896,2.2459128645919106,40.602389904963076
66,-0.0719599713608528,2.0804882568382674,40.60147171452258
67,0.1666431160695406,1.987003003521018,40.616353880409434
68,-0.0971282159059019,1.860249270023545,40.64687894588235
69,-0.0170602854452347,1.7741708312452238,40.692889454200014
70,0.0446879734078218,1.6310840779710862,40.75422794862109
71,0.0370942144451443,1.5321688131505444,40.83073697240431
72,-0.0810343722933728,1.4887753034850177,40.922259068808366
73,0.1094996389736871,1.5518635799344147,41.02863678109189
74,-0.0606519002554171,1.4909392477417613,41.14971265251364
75,0.0601945745218194,1.3844761991459,41.28532922633229
76,0.1059907938606516,1.1986801603328634,41.4353290458065
77,-0.1002574526735799,0.9907027984785939,41.59955465419499
78,-0.0901535609814461,0.9723049662250162,41.777848594756435
79,0.0008363876798176,0.9591102015706294,41.97005341074956
80,0.0980112415628481,0.8859771130041494,42.176011645433
81,-0.0269328667388727,0.751373333017331,42.39555953372154
82,0.0116004694640066,0.5199510802053531,42.62844845033064
83,-0.0645766235792408,0.24039166924146593,42.87418495433777
84,-0.0125991682595354,-0.06961680973748496,43.13221597799702
85,0.0772596562863752,-0.41924810984875094,43.40198845356238
86,-0.0613489708310436,-0.6616003424568683,43.682949313287914
87,0.0552064791001419,-1.069751968527791,43.974545489427655
88,-0.0146559627824585,-1.4115679514531725,44.276223914235636
89,0.0025332010994608,-1.669964721065328,44.58743151996586
90,-0.0261697270969616,-1.9314455117754479,44.90761523887241
91,-0.1213834836110709,-2.144838519598216,45.23622200320929
92,-0.107826925591002,-2.584871590754459,45.57269851634546
93,0.1893112399513748,-3.165797812937825,45.91648657298646
94,0.3276374891854174,-3.8046518258332847,46.26701433664786
95,-0.0730805065701729,-4.420630805685906,46.623711312256084
96,-0.5446793121851612,-4.981294504401462,46.98597381658662
97,-0.4344695551525256,-5.3586557160331605,47.35312527118569
98,0.5473174830734547,-5.581774386778658,47.724456903705196
99,0.5517171035117752,-5.700972990204498,48.099255886692724
100,0.1116137135990592,-5.658423106294988,48.47680939269593
101,-0.5159797108224541,-5.280424883439987,48.85640459426244
102,-0.5851426727021812,-4.43218599123769,49.23732866393987
103,0.0966497129543508,-3.0555184872301924,49.61886877427584
104,0.8321526515461497,-1.652464749364132,50.000312097817975
105,0.0467240482354766,-0.9376698553493659,50.38094580711389
106,-0.0421622760335077,-1.3278947986777552,50.76005707471126
107,1.0536150759786047,-2.6205481491362663,51.13693307315766
108,-0.3955226705341003,-2.9853383044666297,51.51086097500073
109,-1.7589816394960942,-1.992146313292013,51.881127952788106
110,-0.7515391269839541,0.19451794791656868,52.24702117906738
111,1.870967947615925,2.1612042259978583,52.60782782638622
112,1.3396047000665634,2.757560232641216,52.962835067292225
113,-1.5684042033553485,2.4770741290223186,53.31133007433303
114,1.25638199555111,2.381017984392633,53.652600020056255
115,0.0681469446889762,2.885920978301493,53.98593207700954
116,-0.2418502308183421,3.1912368130778654,54.31061341774047
117,-0.3948973845227277,3.3589661697260125,54.625931214796715
118,0.2166997535398515,3.132127605734263,54.9311726407259
119,-0.2205720534809607,2.514947185405357,55.22562486807561
120,0.3242463846169863,2.1571785459895265,55.50857506939349
121,-0.350334376781909,2.3210239595547164,55.779310417227194
122,-0.629336288831698,2.3621614600341667,56.03717482879753
123,0.1112515268669502,2.0869642643366797,56.28178420879637
124,0.7886909818710652,1.1983002555646731,56.51300876256427
125,-0.7782084163463323,0.04737462867124087,56.73083378767509
126,0.7635395458601416,0.30119835157336516,56.9352621025665
127,-0.7830968052176828,1.116800279541503,57.12629652567618
128,-0.2408849708038326,0.8069399705967913,57.30394500020704
129,0.7923521118037512,-0.4306555583656291,57.468303446561876
130,1.3811170677307718,-1.1208598901950908,57.619742822464325
131,-1.6625580652322325,-0.09614349854467563,57.75870156377691
132,1.7563971110614391,1.7379847825764325,57.88561810636213
133,-1.7259601387972707,1.8050292527147227,58.00093088608254
134,-0.7629446460477687,1.1578663072471145,58.10507833880066
135,-0.5500032557723984,0.851504355393416,58.198498900378986
136,1.4903228704561562,0.22804612286376647,58.28163100668008
137,-1.4205917704385582,-0.7843213231278681,58.35491309356643
138,1.1273381715097728,-1.1361217684103555,58.41878359690058
139,1.1134090209173928,-1.1870899734624276,58.47368095254503
140,-0.8248253838846082,-1.0952182124777239,58.520043596362335
141,-0.7910804588501914,-1.267232452395426,58.558312911245615
142,0.0539986732266383,-1.7629465195386536,58.58894784631202
143,0.5847474457981839,-2.207197664747472,58.6124502189493
144,0.2023848680042621,-2.0518296940936733,58.62944482608942
145,-0.4618960073329167,-1.6888834040830143,58.64077941141593
146,0.3993048955432907,-1.0466816741868463,58.647376778643554
147,0.3801620749232121,-0.5003280798907879,58.65016600496758
148,-0.4000307293090432,-0.5100476433042156,58.65007837261326
149,-0.2845539126012244,-0.5634975897799481,58.64805150238117
150,0.0073246771212288,-0.7523251292403614,58.645000452119135
151,0.1547151166480365,-0.8964924016646316,58.64177728501661
152,0.3827789884667376,-1.1219790277938646,58.63920003932712
153,-0.3151514826871295,-1.2828511203268038,58.63800260301394
154,-0.4095191687696261,-1.2292828809793772,58.638802049749
155,0.4413676987473507,-1.0835430404851665,58.64217534173781
156,-0.4703574962716026,-0.9182930135596941,58.64865050983129
157,-0.029227264982021,-1.0292954146979223,58.65852267967995
158,0.4405262627717659,-1.1123297933559348,58.67180353058417
159,0.4799272094110201,-1.3983024637195522,58.68837525430853
160,-0.279765843099174,-1.4281966525391687,58.70796249563834
161,-0.4566558952112968,-1.2735275262518138,58.73018342146311
162,0.2320202020820551,-0.9865787213452166,58.75455851926317
163,0.3247057622343284,-0.6052825294677391,58.78057676723341
164,-0.2539969032139419,-0.553730025573053,58.807726928787
165,0.1872416084421591,-0.6227565909246465,58.835514982482486
166,-0.1421012255005894,-0.7113923150881007,58.86349354058869
167,0.072219972980471,-0.9635291015697109,58.89130912858924
168,-0.0780348948901303,-0.840687623476673,58.918722518366806
169,0.1827205521317411,-0.6282636421501193,58.94554309001838
170,-0.0865552337088027,-0.38503140108220085,58.97158663479101
171,0.1536899152787126,-0.6003588592103889,58.99666894393167
172,-0.4579108642359276,-0.062694944451431,59.02060580868736
173,0.5133841052673431,0.44340287442755755,59.043213020305096
174,-0.5006408897535382,0.43633451972161996,59.06430637003192
175,0.4213723477395945,0.48492600314564693,59.083701649114765
176,0.0407819363169649,0.8580034148823295,59.10121464880072
177,0.0250130047329504,0.8583258349303219,59.11666116033673
178,-0.0461421653689458,0.9162851903991134,59.12985697496984
179,0.0110458009849158,0.848336315068066,59.14061788394702
180,-0.012040044325206,0.8632148926172396,59.148825151707975
181,0.0281373839015959,0.8172185418022461,59.15464407429616
182,-0.0159304112876479,0.8575644685410166,59.15836594274664
183,-0.0903305160540617,0.9301384632612374,59.16019205279283
184,-0.0544352997693539,0.8941396331348678,59.1602956666345
185,-0.0730016235698574,0.914151577098476,59.158850046471386
186,0.0164593575710617,0.8275121879256886,59.15602845450326
187,0.2847361431873437,0.5632597038827972,59.15200415292986
188,-0.3026282151183519,0.1556778111673718,59.14695040395098
189,0.1053194579857538,-0.246359927752092,59.141040469766345
190,0.2712341386229213,-0.6056817511986414,59.13444761257572
191,-0.2297240585763778,-0.8976210360024884,59.12734509457887
192,-0.0014757857153226,-1.1184303922602097,59.11990617797554
193,0.0211224548717031,-1.1334265798371879,59.11230412496549
194,0.0488957055293296,-1.1536079032777975,59.10471219774847
195,0.0039924574464705,-1.1012961159707384,59.097303658524275
196,-0.0193746815085131,-1.070877087984097,59.0902517694926
197,-0.0176099146750745,-1.0660885129045266,59.08369842757959
198,0.0116629908398541,-1.0893019595204618,59.0776389686806
199,0.0153643734569557,-1.0873208272515755,59.07195645379462
200,0.1042378929486398,-1.17076469742114,59.0665268044725
201,0.0397025583241088,-1.1009319907112365,59.06122943238712
202,-0.2287417546684921,-0.8272019945429032,59.055943749211394
203,0.1831488231761875,-0.2636979897944002,59.05054916661821
204,0.1308928429160891,0.004182060803461174,59.04492509628045
205,-0.0701170573226428,0.031166107451641945,59.038950949871
206,-0.054065591687949,0.02155945262518144,59.03250613906277
207,-0.0164889113562356,-0.008981164172426004,59.02547007552866
208,0.0157300192283984,-0.03345219016993911,59.01772217094154
209,0.0077281540301026,-0.01686999100440449,59.0091418369743
210,-0.0576890743531019,0.05808058905325221,58.99960848529985
211,0.0368541721258929,-0.0258556997169496,58.989001527591064
212,0.0140872089324821,0.008712415546659504,58.97720037552086
213,-0.0106328521639428,0.0465484114018431,58.9640844407621
214,-0.0511022236388742,0.10156908865117512,58.9495331349877
215,0.0567829120010933,0.009791218128381907,58.93342586987053
216,0.0124709491700072,0.07188699374649049,58.9156420570835
217,-0.0130469649615118,0.11698585666201783,58.89606110829949
218,-0.037921847546382,0.16335941235498153,58.8745624351914
219,0.018200207317217,0.13077434325065723,58.85102544943213
220,-3.5974931842112985e-05,0.1747064122372881,58.825329562694556
221,-0.0751923952639504,0.2778382086123851,58.79735418665157
222,-0.0447999551419124,0.5278212221658326,58.76697873297608
223,0.0109634226858567,0.8549456474937955,58.734090929820354
224,0.0768973122422161,1.2244550742886184,58.69864761346916
225,-0.1514347473212964,1.4906441602869553,58.66079058703434
226,-0.0131680498509437,1.3923389616483757,58.620829088202576
227,0.399100183443246,1.0218003147732901,58.57909950178347
228,-0.1536138710870447,0.6176771920918169,58.53593667899523
229,-0.666268336192616,0.17459286513647448,58.49167547105614
230,-0.6988596728772971,-0.24779105630717885,58.44665072918448
231,-0.0334868065740247,-0.367710498024486,58.40119730459851
232,1.0250167378117834,-0.38066678632827733,58.355650048516495
233,-0.5109540223906164,-0.29938978976606334,58.310343812156674
234,-0.9536601372658652,-0.041953309471500465,58.26561344673737
235,0.794491136878952,-0.016284940355732094,58.221793803476785
236,-0.594020407217433,-0.5651993263757804,58.17921973359322
237,0.4441422068809559,-0.5823682951858957,58.13822608830494
238,-0.4200877149460057,0.3209399961158218,58.09914771883019
239,0.510968690863197,0.5267118327495506,58.06231947638726
240,-0.6296227759618663,-0.13845343623254078,58.0280762121944
241,0.6921493549807016,-0.4489021324506015,57.9967527774699
242,-0.0031401921539516,-0.36554375584340515,57.96868394799736
243,-0.3548563466571072,-0.189339450370009,57.94419579702711
244,-0.5216692796081226,-0.061898290522563126,57.92356757013069
245,0.4592029165880767,-0.1461982613303789,57.906995344742306
246,-0.4379907240398075,-0.4565576939277038,57.894548417967506
247,0.4236939903412537,-1.0098681184469123,57.88617412810565
248,0.3367256513925061,-0.9185205179177518,57.88179486652524
249,-0.5795954193590573,-0.3017376052357781,57.88133302459483
250,0.5963012875224359,0.47898771879463475,57.88471099368293
251,-0.5561895737548249,0.6643384085967384,57.891851165158094
252,0.4670282228213136,0.3102958467898494,57.90267593038884
253,-0.3517080824786073,-0.21539959826512056,57.917107680743726
254,0.1672770157378667,-0.6023458233291306,57.93506880759126
255,-0.2104011404931473,-0.24608056180684895,57.9564817023
256,0.0894918399792325,0.4292394037822823,57.981268756238485
257,0.1054526140377926,0.8852113851034347,58.00933600085878
258,0.1967302572993847,0.6428320625363388,58.040437680164274
259,-0.1974100700655468,0.1234784455865805,58.07393162447898
260,0.0701309639005079,-0.17907143708608192,58.10894047318558
261,0.0521145340699085,-0.1966259665799238,58.144511432510015
262,-0.0010455821652894,-0.1786359338816699,58.17968151604696
263,-0.0630604257352754,-0.1504273116557715,58.21348773739105
264,0.0109743982690325,-0.2559526702581328,58.2449782719891
265,0.0512579778262755,-0.3245484630465385,58.27329048522026
266,0.042334897644617,-0.3401436815410725,58.297808783896464
267,-0.197802354408773,-0.1204327299685364,58.318235084377314
268,0.2229523427820831,0.24253551663244588,58.33451214058547
269,-0.2222586473156003,0.2955753648335076,58.346683282482104
270,-0.0472533908525071,0.19244693908569208,58.35480645176682
271,0.0356411729565832,0.1054192369042107,58.35893959013921
272,0.1683409052522966,-0.0274815445511999,58.35914063929891
273,-0.1397395258486429,-0.21572801509687298,58.35546754094551
274,-0.0345263165661505,-0.3134519202124756,58.34797823677863
275,-0.0276314212386089,-0.30909924725923826,58.33673066849785
276,-0.2219222005611782,-0.0998605772416002,58.32178277780278
277,0.0559094514693379,0.1408980421376202,58.303192506393046
278,0.2767541536434554,0.42221067849645294,58.2810351678601
279,0.3136675216358963,0.4208611476591806,58.25547133070493
280,-0.0624620326433317,0.33569210903597757,58.22676992360736
281,-0.2921861840048987,0.09683416854136212,58.195352015463534
282,-0.2434028280726534,0.08162786972653019,58.16177495834612
283,0.2713607504772282,0.10198212688494321,58.12665712263782
284,-0.171958927925953,0.0813403965228715,58.09061853140308
285,-0.0149287953635354,-0.03934843165061669,58.054277227014154
286,-0.0048704251367292,-0.0133808267065947,58.01825125184333
287,-0.0433971740725393,0.06023852580960871,57.98315864826293
288,-0.0184012561973743,0.068783797552153,57.94961745864522
289,0.0822719825906397,-0.0005177079531419881,57.9182457253625
290,-0.0765221867872058,-0.3331393039998712,57.88966149078706
291,0.0511489723910438,-0.4156317696822776,57.86448279729124
292,-0.0139204967159977,-0.3294071905312676,57.84332768724727
293,0.0012931307146519,-0.32802645961662424,57.82673332890199
294,0.0326602703666078,-0.3475038908016666,57.81484362043505
295,0.013486851702554,-0.3209293433426066,57.80744249164005
296,-0.2325307973514795,-0.0717133013938829,57.804244098745365
297,0.2613514661294796,0.27368593589115503,57.804962597979376
298,-0.1074563417139612,0.2981441961435549,57.80931214557041
299,-0.2726848080344777,0.20567791028758828,57.817006897746886
300,-0.0237551387819316,0.19599412804476402,57.82776101073717
301,0.2806667377166009,0.3580446215137075,57.8412886407697
302,-0.3067329401783908,0.4494289961056427,57.857303944072754
303,0.345987912063684,0.278491011061541,57.87552107687478
304,-0.3799884576211221,0.03432633662341367,57.8956621209977
305,0.3915554315751681,0.18098629364824143,57.91745827477659
306,-0.378546298075472,0.4380026849573085,57.94054361311817
307,0.3496084786712093,0.3859217041115485,57.96446981721724
308,-0.311178470139309,0.32240854961593945,57.98876992052337
309,0.2643218452177946,0.2227021838381561,58.012975970944055
310,-0.183567721972911,0.1469477055860802,58.03662001638683
311,-0.0243749998688184,-0.0348591048904147,58.059234104759234
312,0.0303747233122552,-0.1107250072810502,58.080350283968784
313,0.0076731775861412,-0.1071737795091359,58.099500601923
314,-0.0517835449790123,-0.06443356155040181,58.11621710652942
315,-0.0415689120652618,-0.0884629336302938,58.130031845695555
316,0.0614529520897284,-0.1219298194186658,58.140476867328935
317,-0.0698200659834011,-0.2072641533537007,58.147084219337096
318,-0.0115257593781094,-0.13786019024944157,58.14938594962755
319,0.0307961364328892,-0.1777102425407173,58.14691410610782
320,0.1007474188470159,-0.2399481555324719,58.13920073668545
321,0.089289877071664,-0.3450788288685975,58.12578895179693
322,-0.1777575763616008,-0.4285313199819636,58.106288896343564
323,0.1279937443186802,-0.40840812798589066,58.080414383667204
324,0.0648983955658637,-0.3128547450223308,58.04795634945646
325,-0.1300187084870204,-0.378893084505461,58.00891179299248
326,0.0451749836326206,-0.208544118492618,57.963369134859995
327,-0.0511305812981366,-0.060296953688178806,57.91142753498631
328,0.0125928087683787,0.1342210379329387,57.85318615329868
329,0.0730590928014166,0.1381849480862783,57.78875595911231
330,-0.0701613375480644,0.1518631150644208,57.71829822248365
331,-0.0150448003814516,0.1730465247661038,57.64199827561534
332,0.0761001792173839,0.1638554908512736,57.560044329931344
333,-0.197195896010705,0.2445663331040882,57.47262956290662
334,0.104844048317568,0.2151568868797189,57.37999906480272
335,0.2429048773126499,0.164511760548255,57.2825833621391
336,-0.2868589908265209,0.1057664079122135,57.18109258291431
337,0.2156167118334548,0.09808385493418409,57.076299433232364
338,0.1729261522999643,0.2980972285027011,56.968976619197335
339,0.3007922960766887,0.3393108570101062,56.859896846913195
340,0.0770791867415279,0.2030879907744202,56.74983282248406
341,0.2469235558609966,-0.0864808078748978,56.6395572520139
342,0.4096637801194726,-0.3895066217262691,56.52984284160679
343,-0.8259157603237044,-0.29554653704305817,56.42146229736676
344,0.6317680780668232,0.053035460481002994,56.31519646145217
345,0.7887306183197816,-0.0006097032417941989,56.211879084922
346,-0.6054774524956561,-0.506972048335673,56.11244950083133
347,0.4010814681332157,-0.41901503200235973,56.017933563869136
348,-0.2212018906426098,0.2918118777993206,55.929390012843285
349,0.0360241335712276,0.6160719305679643,55.847903935860806
350,0.0305709533405844,0.694905533117287,55.77452351354213
351,-0.0918126841144083,0.6416186897869314,55.710193994327476
352,0.1293901169856325,0.5149854943743529,55.655624388640014
353,0.1414844899782815,0.14725715789848828,55.61125835212322
354,-0.1998782019350979,-0.3774245474572061,55.57730274939231
355,0.1431272906730541,-0.6969218233488707,55.553794532675816
356,0.1630551202833065,-0.7036248057719166,55.54056968548861
357,0.0927599285992796,-0.6300268095014298,55.53726688090215
358,-0.2496244349906718,-0.293687966188249,55.543312401178916
359,0.2329126263662338,0.2093107130755307,55.55777666055824
360,-0.0352306894946488,0.4556003991827821,55.57963029031186
361,0.0396338777859474,0.3525323141874069,55.60783380802664
362,-0.008251038428053,0.0969048145132512,55.641346223914795
363,-0.0743452253420758,-0.10478132284643601,55.67912654818851
364,-0.0440434434521924,-0.1760903476078153,55.72013379106001
365,0.0630371658198132,-0.0963641285612548,55.763326962741445
366,-0.0633614713814205,-0.014303602063641799,55.807665073445065
367,0.0388050903629492,0.10906857393806231,55.852126335698976
368,-0.012235980185614,0.11644010971658081,55.89579587046904
369,0.0166467021154419,0.0454183734870923,55.93793492439746
370,-0.0102607387570033,0.032293064979368805,55.97796767377763
371,0.0043724314049868,-0.019666660297143097,56.01529422889215
372,0.0038283343219312,-0.0530722182474676,56.049243883925534
373,0.0018836563570624,-0.0808910725177051,56.079007416160636
374,0.0184563602959305,-0.12218522578748839,56.103728865491554
375,-0.0506367776700622,-0.0722310164158987,56.122867794085955
376,0.0539739577876568,-0.1903543241703419,56.13638036638269
377,-0.0479386601297974,-0.0967866740146534,56.144725334144454
378,-0.0256644686019132,-0.12280213409400209,56.14846660269591
379,0.0420800333761547,-0.1902481107378277,56.14816807736167
380,0.0235340320622158,-0.1679276955285098,56.144393663466296
381,-0.0573842605465306,-0.08032300578786922,56.1377072663344
382,-0.0095291444393466,-0.0791484566153958,56.12867760105475
383,0.1732301390924651,0.008864662462896689,56.11790519844463
384,0.1361098497037875,0.0578215416901364,56.10606860860608
385,-0.260691919254946,0.3668420146365905,56.09384990461835
386,0.2943017208526418,0.6241531844869797,56.081545094660385
387,-0.0417923938168532,0.9724681024281987,56.069324291388654
388,-0.3596069280693421,0.8022556282334161,56.05735129983593
389,0.3892612947509223,0.06494878021415551,56.045789925034924
390,-0.412633866302534,-0.6221701057159261,56.03480397201846
391,-0.0149633138473579,-1.0095939319718634,56.024557245819224
392,0.4154079167272865,-0.9306214681973077,56.01521355147002
393,-0.3825783195098819,-0.6243583744936974,56.00693669400358
394,0.3240536014466985,-0.32394951304807285,55.99989591160137
395,-0.2470178348669938,-0.24718147878799718,55.99419931365499
396,0.1307556418424249,-0.12034610826909489,55.98959046642668
397,0.0072321995580677,0.007191848604842455,55.985575951837085
398,0.0069620234326045,0.011414155499689882,55.98162382106771
399,-0.052378628826569,0.07517650352660729,55.97720212529996
400,0.0584315397546867,-0.0302104554699959,55.971778915715305
401,0.0277383248053286,0.007439431699471616,55.9648222434952
402,-0.0648707976069899,0.10907063778589898,55.95580015982108
403,-0.3021579874488158,0.3579772715743756,55.94418071587444
404,0.1743679143417133,0.6462001228216364,55.92943196283665
405,0.376129883149813,0.7128481649609397,55.91102195188924
406,-0.3415562440161988,0.4530900304725137,55.88846621354369
407,-0.0677702652743141,0.20624139988374418,55.861528865390575
408,0.0538149218932618,0.11586005020912782,55.8303250278976
409,0.0627713535412267,0.14192477711994628,55.795303869338824
410,0.0129269150965836,0.23008968240325328,55.75698340250016
411,0.0628490620890033,0.22126929774344645,55.71588164016755
412,-0.0430735243174858,0.3705569291905513,55.672516595126936
413,0.3176306787972791,0.7549630410385221,55.6274062801642
414,-0.8240099251945132,1.2429412171291978,55.58106870806531
415,-0.0311186819332912,0.4970967903170917,55.534021891616206
416,1.8209589709671632,-1.3077473010197793,55.48678833005261
417,-2.232331742104949,-2.6876258097343886,55.439957551839356
418,2.486698472785167,-2.4810390704719816,55.394340597686806
419,1.9050536096025956,-1.2559371016174028,55.3508834920148
420,0.5170535340915626,0.1723673674833003,55.31057909842513
421,-0.7905231585298857,1.5160121307132919,55.27451102781659
422,-1.6661842339125648,2.422339341184227,55.24384489272834
423,-1.8382026494599584,2.618679890515959,55.219522758943995
424,-1.3174899500574566,2.115145942859347,55.20234400719811
425,-0.2920669477380914,1.0992753740829107,55.19279157365518
426,0.8142086179218768,-0.005468940421274382,55.191260322499396
427,-0.5952222542928477,-1.2029204740652994,55.19814272835814
428,0.1863535077376377,-2.0001847735964566,55.213831265858815
429,0.3723735295084825,-2.211091939137317,55.23871840962883
430,-0.3323523861941626,-1.5408344422454374,55.273186828439606
431,0.3015657916555815,-0.6990620473216704,55.31749625566608
432,-0.1366955386998296,-0.23475925206383022,55.37145479076365
433,-0.1825067570255309,-0.2518280621319292,55.43433481915746
434,0.1681460947086073,-0.17335151534736593,55.50520542063877
435,-0.1350856864793473,0.05197409284566856,55.583111593633674
436,0.1005587918191174,0.2323428716125985,55.66709833656827
437,-0.0367119086194922,0.28050126075082027,55.75621064786867
438,-0.0505552477084734,0.2010617217475284,55.84949352596094
439,0.0004882867297379,0.0535197439990769,55.945991969271184
440,0.0362914643992778,-0.08104244062476823,56.04475097622549
441,-0.0790656213417245,-0.06575098977091698,56.14481661111264
442,0.3278304846682741,-0.07309699567944228,56.24526651101117
443,-0.4210566174524409,0.32573916701195726,56.345317450440476
444,0.4686416576873792,1.0170316190316966,56.44432672328092
445,-0.4729931458560016,0.9313172319696377,56.541675913886365
446,0.4422181202233422,0.1310275091759987,56.63675437060066
447,-0.3989682560550067,-0.32998025331568337,56.72894850937068
448,0.3469033218143365,-0.16464425167374314,56.81774092985941
449,0.0389679248061881,0.05825129315917388,56.90278078203464
450,0.065467471399569,-0.0493080865619156,56.983840615162336
451,-0.0637025658329347,0.0028222447692874963,57.060880321063635
452,-0.4728493466479312,0.33886831084247326,57.13398103580546
453,0.501714075674927,0.7949723529718353,57.20331357135324
454,-0.5055084226093625,0.7464073042569908,57.26910111835237
455,0.4720759593607324,0.6963375225554407,57.331586518083824
456,0.1494307227823273,0.9594793765327689,57.391089900684904
457,-0.1948079274775545,1.2466431227794625,57.448164804698095
458,-0.3826181030497872,1.378862819179699,57.50375528387009
459,-0.1586670883499922,1.1996922689188367,57.558974819431164
460,0.391229817409159,0.4938623712384963,57.614907811352346
461,-0.3614094602362752,-0.31117691859090507,57.67258637882718
462,0.2082004132709169,-0.94123267490835,57.733032261637426
463,0.1710713387144752,-0.9683354865727234,57.79726414785826
464,-0.251495880198439,-0.6147802459280697,57.86627612612651
465,0.1942159547648206,-0.3352085985437286,57.9409926437789
466,0.1277789442902903,-0.35003896397652645,58.022260019686236
467,-0.0710712811005654,-0.5098385865232877,58.11090986762385
468,-0.2789625627850474,-0.9287683608770472,58.20773092366209
469,0.2903343323871392,-1.2037749129383701,58.31344058055124
470,0.3211330926680057,-1.3498993972193474,58.428766304551345
471,0.0049359253833687,-1.0594188519312697,58.5544829265479
472,-0.4190618592677974,-0.2923062489764423,58.69136810824423
473,0.4302477979193485,0.7295320496375923,58.84022015244307
474,-0.3466564407497286,1.3448254671886155,59.00183097356111
475,-0.2735018666900533,1.096501329897675,59.177000536792384
476,0.4163307594730182,0.21712792820886756,59.36654131231812
477,0.1218823595026081,-0.6931275342055278,59.57124517470292
478,-0.3712422955616518,-1.250466614787927,59.791708910349584
479,-0.067835416409872,-0.9601620271846631,60.027997443594536
480,0.2797858702975798,-0.5590457064010704,60.279259836103485
481,-0.2218359593829232,-0.5724355492453994,60.54427150862833
482,0.114298660430338,-0.9360527320591685,60.82175407162884
483,0.0106062185176107,-1.120994588957128,61.110388370439516
484,-0.2447627189019511,-1.164082340211599,61.40884505911355
485,0.3862926733725694,-1.082087465076674,61.715794791704106
486,-0.1125776927838859,-0.9173345546104152,62.0299122473943
487,-0.767199735106326,-0.5826871052096843,62.34988684031601
488,0.9794629601879672,-0.223882834218591,62.67441987403062
489,1.1003353685756034,-0.1026257100810819,63.00229034150547
490,1.1337426681639076,-0.4661724320197643,63.33242976385585
491,-1.519584350103178,-1.0243646520452259,63.6639490021484
492,1.5842667350813795,-1.5803644768604574,63.99609774177909
493,-1.5126388300999858,-1.7657937363415035,64.32843256644148
494,1.345483717781402,-1.2661728572497817,64.66068913946837
495,0.8548823606879049,-0.8575133637864132,64.9926310030985
496,0.3800913387449566,-0.7341130383156043,65.32402169957064
497,-0.6996277835332343,-0.6849969875902742,65.65462477112351
498,0.508351254522042,-0.4925550145179038,65.98420375999586
499,-0.1360954346486687,-0.17642677377775084,66.31252220842643
500,-0.0516455809407947,0.4123019222868349,66.63934365865397
501,-0.2546351649062023,1.22020351198899,66.96443165291723
502,0.2768891874314502,1.9555610791136102,67.28754973345494
503,0.4104435718772874,1.8810949856168657,67.60846144250584
504,-0.6593062385193731,1.062375916210651,67.9269303223087
505,0.9443886231715654,0.8828914617261863,68.24271991510226
506,-0.7323428058916358,2.176749042766409,68.55559376312522
507,-1.6395531252035245,2.874141871211541,68.86541125399198
508,1.946521942714893,1.7310106981088977,69.17246735917622
509,-2.142753901917525,0.16539219696289842,69.47736170495462
510,2.161790888676838,0.7874629913622743,69.78074611996088
511,2.085117819654112,2.591609747517272,70.08327243282862
512,-1.8782042559354428,3.79261178374395,70.3855924721915
513,-0.7561808666563036,3.1278782061198407,70.68830266053646
514,1.3588357520218657,1.1794468428029292,70.9917174051752
515,-1.156439651663669,-0.9594144932549128,71.2958541449186
516,0.0726569193494196,-2.6333268473383944,71.60066992798897
517,0.5254611745444469,-3.6415829771531523,71.90612180260872
518,0.6621459930801843,-4.444312810080289,72.21216681700011
519,1.1466033491654772,-5.255369099376121,72.51876575021063
520,-1.2443863006016236,-5.3715380789543055,72.82592437955593
521,1.2763407512212064,-4.470113264267754,73.13377251304655
522,1.07009599548061,-3.232566029141221,73.44247003366061
523,0.8619366548187248,-2.3941134791949015,73.75217682437618
524,0.4169131944329668,-1.729965962604253,74.06305276817129
525,-0.1751883592637133,-1.3800635031578294,74.37525186242154
526,-0.6415387386115143,-1.23709535196179,74.6886340905733
527,0.0492446011979496,-1.0411270852618144,75.00188248406387
528,0.3180183226295517,-0.8710712041177748,75.31305288148823
529,-0.2168813100720428,-0.8032306310385913,75.62011194111062
530,0.1759376759916368,-0.9669639971869218,75.92102632119527
531,-0.190936765594865,-1.3828259144115327,76.2137626800064
532,0.1688602553426795,-1.6051479311508248,76.49628767580816
533,0.2668480752362581,-1.6934160421010704,76.7665679668648
534,-0.3962331615124943,-1.746337049928091,77.02257021144058
535,0.4686050784255812,-1.6708661462252326,77.26226106779966
536,0.1757300880150605,-1.52933728222134,77.48360719420627
537,-0.5876361149644975,-1.0569391339601089,77.68457524892462
538,-0.4693037438878832,-0.40382814633105024,77.86313189021891
539,0.644675358577884,0.4280808650687174,78.01724377635341
540,-0.6325020885928948,1.2476245230006346,78.14487756559225
541,0.58636100592445,1.9096390778758374,78.24399991619973
542,-0.5082839994253071,2.365706512985295,78.31257748644
543,0.3972661011897581,2.5841569642329505,78.34857693457728
544,0.1319454064141706,2.788089674709987,78.34996491887583
545,-0.1670804656926323,3.002372368092795,78.31470809759983
546,-0.2122799752373447,3.191135379715214,78.24114459552213
547,0.2389565909311892,3.3019450056186654,78.12909840345016
548,-0.1625947012702573,3.613369625366999,77.97922507590327
549,-0.3781942802002753,3.6741396039196905,77.7940546762806
550,0.2307043231609015,3.45258183138898,77.57671384545013
551,0.5418471464364901,2.827789509217328,77.33036334434618
552,-0.5874083940750741,2.23924446017192,77.05816393390316
553,0.5999555447720426,2.196768080172567,76.7632763750554
554,-0.5878619282323237,2.189000499495056,76.44886142873727
555,-0.1865031457551045,1.5984232898719284,76.1180798558832
556,0.5089235175801606,0.6269840649924091,75.77409241742743
557,-0.4424229884980063,-0.2576368858063959,75.42005987430441
558,0.3646999019321634,-0.2238428893806424,75.05914298744847
559,-0.293854441314045,-0.0006480764799748906,74.69450251779402
560,0.0687425902801181,-0.4480418165554848,74.32929922627537
561,0.2481545156593421,-1.3848483894862238,73.96669387382688
562,-0.3214503592193837,-2.148434874810186,73.60988523402958
563,0.4378518306286457,-1.8902775189784147,73.26242568834978
564,-0.5700082170462387,-0.658638435410114,72.92864665245637
565,0.6611972599230878,0.03598247131971466,72.61282026875719
566,-0.6660631633679276,-0.12309030865224231,72.31915347202016
567,0.4351491218575627,-0.01700231887072029,72.05185319701316
568,0.2772754861120653,0.4175676514758674,71.81515686241207
569,0.3600397935189632,0.5465363839560065,71.61342382252504
570,-0.1949950801288259,0.414296474701574,71.45069860542728
571,0.1856552086743527,0.5247002926947568,71.32964449863088
572,-0.2774642515363513,0.8658491839581519,71.2516150675782
573,0.0029008825621321,0.8929928874416435,71.21410622999622
574,0.713114874741541,0.7732356335755083,71.21364949168296
575,-0.8218095090260502,0.5250331505895091,71.24677635843653
576,-1.1640929704075162,0.30407463435241305,71.31001833605511
577,-1.0949527072490095,0.22504577691234262,71.39990693033668
578,1.3405906227588629,-0.25356426983825947,71.51297364707938
579,1.307192099491191,-1.2529420915725384,71.64574999208135
580,0.8314883308458186,-2.416250594174305,71.79476226332848
581,-1.05801753672236,-2.988618318576378,71.95663585529874
582,0.9207897595457488,-2.339301826317178,72.12851206677142
583,-0.6501342929360575,-1.2777167413186477,72.30785103425472
584,-0.7199691700975158,-0.9623183468526084,72.49228751695013
585,0.2530534975706545,-1.6025430770154219,72.67948957944476
586,0.934244612382747,-2.371369898708531,72.86712528632579
587,0.9726083422573036,-2.675471044437606,73.05286270218029
588,0.6259001010986097,-2.250269992694067,73.23436989159546
589,-0.0775877532006239,-1.091727165957725,73.40931491915833
590,-1.5797506911764747,0.7043848417203177,73.57536584945616
591,1.0869620238377673,3.0028472290862354,73.730190747076
592,1.688116405649897,5.080425917745085,73.871457676605
593,0.7791827725387747,6.213982524830927,73.9968347026303
594,-0.7982566700288959,6.5342667802898795,74.10398988973903
595,-1.340526145964016,6.119686136166503,74.19084000979751
596,-0.1655816915795982,5.249081783045183,74.25649990853442
597,0.9019708183567592,4.2166152130399865,74.30141396860326
598,-0.701600341945833,3.18429912189056,74.32730122005528
599,0.5552127184268127,1.918638737968408,74.33614854360478
600,0.0696359272499177,0.5904212527840502,74.32994281996604
601,0.3340158756559314,-1.2846868055092284,74.31067092985329
602,-0.5431152272969602,-2.7372045266839176,74.28031975398088
603,-0.2162606794765017,-3.0146154935865503,74.24087617306306
604,0.6300669693858857,-2.4943940372000037,74.19432706781411
605,0.2030184352784611,-2.005677754226785,74.14265931894833
606,-0.219273029478311,-1.5285867777016597,74.08785980717998
607,-0.263499283715833,-1.4384161295075601,74.03191541322339
608,-0.5184181944783176,-1.458394823314464,73.9768130177928
609,-0.3444312336841949,-1.5801082679182885,73.92453950160248
610,0.155568057765926,-2.032649803132706,73.87708174536677
611,0.5607432911119513,-2.4071699209118402,73.83642662979989
612,-0.567614785951603,-2.566946249664543,73.80456103561616
613,0.4276021883901824,-2.031074031920014,73.78347184352982
614,0.1120017015352688,-1.0771476357905159,73.77514593425525
615,-0.3934785152132464,-0.5780234906214512,73.78150200583471
616,0.549433219734719,-1.4835525283030742,73.80411930856835
617,0.4560772771689961,-2.8703146806641704,73.84423740349517
618,-0.6282524596539196,-3.6046086775660156,73.90286113721996
619,0.6066599585488188,-2.717052900944699,73.98039294239587
620,-0.54668272431585,-1.2604030834650974,74.07708580778093
621,0.4755468128831225,-0.13873953501629632,74.19319272213319
622,0.1182128044842295,0.4128205213051559,74.32896667421062
623,-0.0942244879169943,0.4695638351456388,74.48466065277137
624,0.0095965878397346,-0.0001242344131099915,74.66052764657337
625,0.1885748118591953,-0.37539545623392623,74.85682064437472
626,-0.5050387864802619,0.10124615154684224,75.07379263493341
627,0.4810916359304597,1.5372117570620285,75.3116966070075
628,0.4909670957626801,2.968247354882288,75.57078554935504
629,0.0650967999754291,3.4135907492905977,75.85131245073399
630,-0.6553549802358952,2.831824680333427,76.15353029990247
631,0.7155175636023524,2.046790350779198,76.47769208561844
632,0.0095176209602295,2.2964315823997774,76.82405079664
633,-0.8124964080915262,3.0896369863663797,77.19285942172515
634,0.763450775817521,3.2921782745505377,77.58437094963193
635,-0.6300536109755623,2.301194410996787,77.9988591999788
636,0.4867122858623123,2.026768516509131,78.43651919762854
637,-0.4477848329077876,2.520866507392429,78.89691832551536
638,0.4741067893376243,2.606616184533354,79.37927702612902
639,0.6673896206013511,2.7205339264274935,79.88207645297116
640,-0.1531308291517456,3.079517891855395,80.40361293729634
641,-1.4498043759667882,3.607621565607613,80.94218281035917
642,0.4343951264220437,3.639522470163768,81.49608240341419
643,1.7326013066466306,2.1537906456373976,82.06360804771599
644,-1.6269499810352226,-0.9761060934838712,82.64305607451908
645,0.4796813165340824,-3.712404131612179,83.23272281507809
646,1.1137734148344955,-4.44467801548205,83.83090460064756
647,-0.9004633367954269,-2.5354344256866437,84.43589776248207
648,0.7860825748535533,-0.95208994785189,85.04600737299833
649,-0.7329637351041572,-1.0966835779974562,85.65964731310163
650,-0.5889828024291539,-1.8565527777899478,86.2755355802191
651,0.6631619281935069,-2.1356259438114575,86.89246401561795
652,-0.6234683291912051,-0.9257561313740024,87.50922446056519
653,0.5973186028021222,0.9180726408698208,88.12460875632807
654,-0.6052112963916141,1.867779470302922,88.7374318260887
655,-0.0455788612036084,1.358969416574857,89.34660944462875
656,0.7514118758998716,-0.04251140224995753,89.95109952635009
657,-0.8866567726872526,-1.8130662125252202,90.54972298521245
658,0.0183912063301209,-3.489335414780499,91.14094420845038
659,0.622057799818377,-4.725200010948761,91.72314221113038
660,1.370660741467886,-5.315356749786875,92.29469600831898
661,-1.4716240071037914,-5.012360607979019,92.85398461508281
662,-1.2965514775280718,-4.202835568960263,93.39938704648836
663,1.391179338838865,-3.4804616564410362,93.92928231760219
664,1.4501912924699172,-3.5622407359607244,94.4420494434908
665,-1.2689171286802112,-4.097150310540621,94.93606743922084
666,-0.3720193868391506,-4.457695933019573,95.40971531985872
667,0.7601475313164443,-4.001519631787573,95.86137210047113
668,0.5045864079901089,-2.404003204114628,96.2894167961245
669,-0.4879604379231984,0.05573201603777134,96.69222842188543
670,0.4034506086013809,2.128363398578114,97.06818599282049
671,-0.3620263575402124,3.5363578335440744,97.41566852399615
672,0.3251543408899804,4.35179062863097,97.73305503047904
673,-0.269598858917374,4.740874331581721,98.01872452733564
674,0.2101964015450359,4.988747568822441,98.27105602963253
675,-0.1943153259847927,4.705886773548518,98.48842855243626
676,0.2663461245450572,4.06415117267224,98.66950270278272
677,-0.4241097098137301,3.2798992821965736,98.81421042761716
678,0.6043951242230525,1.562202242507905,98.92340263326905
679,-0.7206333502424169,-0.18767176500158556,98.998305115244
680,0.7297868001546295,-0.7699879484884022,99.04020114833378
681,-0.6684372129570364,-1.381936794373063,99.0503740073301
682,0.6193860121184858,-1.8094929791432135,99.03010696702474
683,-0.6395899943017477,-0.9210933079077048,98.98068330220944
684,0.6514325653079083,-0.1648188529838329,98.90338628767593
685,0.834088798491864,-0.10358799670785711,98.79949919821598
686,-0.9377564073443216,-0.4125489012770128,98.67030530862134
687,-0.8219223948134149,0.024834501129712194,98.51708789368371
688,1.0333739046708397,0.885495867134329,98.34113022819483
689,-1.072579917316354,1.4388643303698323,98.14371558694651
690,-0.0339564361925585,1.0778291914620957,97.92612724473045
691,1.1423374844142389,-0.001985960752660887,97.68964847633842
692,0.9548414092884878,-1.2204542476532392,97.43561283836475
693,-0.012332072676212,-2.043237593192412,97.16556966586862
694,-0.45203887508039,-2.589140221400533,96.88117909648093
695,-1.0094904724118092,-2.3446371560044774,96.5841276284163
696,0.8472384931592646,-1.4133597653957417,96.27612127223647
697,-0.6760759722098988,-1.0527997578708597,95.95887573008078
698,0.6039815395613947,-0.23808965496442375,95.63410811540301
699,-0.7134537442080459,0.8399182025510463,95.30353554165701
700,0.9651543997838802,0.13597047791963973,94.96887512229648
701,-1.2079623654427896,-0.5938816053324347,94.63184397077522
702,1.2984033321648067,0.5774374672881638,94.29415920054703
703,0.8093403775981707,1.713121697336194,93.95753792506564
704,-0.9995063284173684,2.0458090706325236,93.62369725778485
705,-0.1827319104615149,1.5583783705820942,93.29435353987944
706,0.5821095148381331,0.9466715740356464,92.97121891112623
707,-0.3988851598609775,0.4528866886306769,92.6559984712303
708,-0.4709054045768347,-0.4694835283821478,92.35038893295896
709,0.9436896908158756,-1.5697772898414188,92.05608759902555
710,1.1349402495516714,-1.8297421787022816,91.77480192915058
711,-1.4931968787179528,-1.135048946799381,91.50824582551732
712,1.6648538659744772,-0.052978511375654624,91.25812464540118
713,1.17993460140677,-0.07593905588102101,91.02600445447425
714,0.4970546959260536,-0.6499876082496275,90.81293291232357
715,-1.3605791955985502,-0.878394209599394,90.61897340519795
716,1.1170727700903955,-0.2306833245503685,90.44361055445997
717,-0.2718510302540877,0.7857515373623774,90.28609949289171
718,-0.3329381773826061,0.9873886742680223,90.14554950311458
719,-0.3163491338129836,0.9053085958928049,90.02104053792019
720,-0.0588558239753929,0.7772032738754175,89.91165255009997
721,0.2876904981247012,0.7658440094297366,89.81646549244557
722,0.2788798082378306,0.8065593982751,89.73456079348706
723,-0.5816589431400392,0.7966295096641414,89.6650294334759
724,0.6193964470241125,-0.04636841276784387,89.60697196574375
725,-0.6283271094733444,-1.8811310485724309,89.55945815804577
726,0.6216789005386432,-2.573269255482251,89.52159035494361
727,-0.6216453016259169,-2.0111493178861117,89.49279461951204
728,-0.3477490049602617,-1.6249876832100631,89.47273668817033
729,0.5090000462658822,-1.360138111839806,89.46113806557392
730,0.7122324379752887,-1.0599564442127813,89.4577240062375
731,-0.7209707336292679,-0.3412490310463925,89.46221976467567
732,0.6565067427893638,0.8091426618074447,89.4743505954032
733,-0.5410876687202933,1.5072459157856883,89.49384175293461
734,0.3794157255441244,1.7001657826711796,89.52041849178468
735,0.2164657808271151,1.8297281527048745,89.55380606646801
736,-0.243048726586594,1.8593189950872806,89.59372973149931
737,0.235289549515048,1.324795709091782,89.63991474139317
738,-0.2183752092789651,0.6962888586146514,89.69208635066433
739,-0.2532606234027758,0.6332908095753637,89.7499698138274
740,0.308909021760696,1.327783435003788,89.81330754323552
741,-0.0040368240225868,1.9919476794585713,89.88208914456403
742,-0.3355443351568989,2.138552114053775,89.95699222110312
743,0.381481232236034,1.5098910871593678,90.0386276806046
744,-0.4543735990063735,0.8970970767442382,90.12727652226214
745,0.5370622695431524,1.0697896103022253,90.22314812015462
746,-0.5441973417447153,1.2477454933840577,90.32645184836065
747,-0.499792403409648,1.1523953224505208,90.43739708095914
748,-0.6106973416598019,1.0545041496310206,90.55619319202879
749,-0.0970537665989906,0.7040042109505967,90.6830495556484
750,0.7752875823110496,0.2065368717922138,90.81817554589674
751,0.9839677057223992,-0.6157482425749659,90.96178053685257
752,-1.1411493147662644,-1.4429245878284531,91.11407390259473
753,-0.2047207339301013,-1.8505442832717658,91.27526501720186
754,-0.6095653367389822,-1.2359979180139051,91.44556325475288
755,-0.5740469472178451,-0.641131042108598,91.62517798932643
756,1.3578397315960176,-0.8321582673441648,91.81431853574816
757,-1.234019779367184,-1.7391739098919472,92.01319368925915
758,-0.7510067342908949,-1.7010042344521894,92.22201096874309
759,0.6471625356564367,-0.8181397988987756,92.44097726324233
760,-0.3912448781554911,0.14094550317347898,92.67029937498202
761,0.0165084101804692,0.14330748363231116,92.91018410618722
762,0.2356832222623375,-0.27652148134531407,93.16083825908298
763,-0.4067598101162032,-0.5057194010141393,93.42247921113037
764,0.1880739293252094,-0.7534405700594125,93.69536664073419
765,0.5760987666416231,-1.7158695681770184,93.97977080153538
766,-0.5490754316314478,-3.746893617373249,94.2759690490047
767,0.2762458650441358,-5.1104086940008955,94.58416282895676
768,-0.5812472243498779,-4.402776676714236,94.90402390106411
769,0.7075613996184489,-3.1421790133576124,95.23461761373918
770,0.4018914804040703,-2.8866852196737214,95.57479373926967
771,-0.9969016288277048,-3.0564764071016146,95.92337803592933
772,1.1582582970712811,-2.4974545590629926,96.27919626199171
773,-1.3543468101350644,-0.06672736559539194,96.64107417573044
774,1.5602379987115984,1.8019244658693128,97.0078375354191
775,-1.7124526038424968,1.3741405045111565,97.37831209933135
776,1.7728850034580272,0.6857913708012343,97.75132362574072
777,-0.1188108878426118,1.1531130149216668,98.12569787292094
778,-1.0236078335221417,2.0033472343766054,98.50026059914553
779,-1.5234942873157535,2.6796567246276166,98.87383756268812
780,-0.653426026890139,2.508171505067787,99.24525452182236
781,1.2007802974445951,2.0858824677336436,99.61333723482176
782,-1.0230642770496596,1.9961528170896126,99.97691145996006
783,0.8292617521990483,2.325935292290141,100.33480295551081
784,-0.0348265611658089,2.378989081418196,100.68583747974762
785,-0.4223865311591687,2.06354574021511,101.02884079094407
786,0.2557309797249712,1.801630372901212,101.36263864737383
787,-0.1464795491400071,1.9704227418295286,101.68605680731048
788,0.0991872423380225,2.042891728634344,101.99792102902764
789,-0.0755461660981969,1.9084890952993059,102.29705707079889
790,-0.0339016370517115,1.5516116211059514,102.58229001594574
791,-0.0904730447182396,1.2780330381023304,102.85244000661594
792,0.2760382789606631,0.8676479185030932,103.10631380253625
793,-0.2829218855024062,0.3802225651019142,103.3426993204005
794,-0.2480313350571298,0.06766622259278554,103.56036511246432
795,0.3010890605078201,0.12086136162910954,103.75804957786308
796,-0.236440908472231,0.31189647747509397,103.93454443099714
797,-0.0608456154555869,0.4020284259731407,104.08881718948243
798,-0.0402967979795631,0.5301958680369809,104.22010092994257
799,-0.0636298404239005,0.7657285026085167,104.32790133781538
800,0.0141403135090852,0.8041443080704203,104.4117153784205
801,0.1793029259455852,0.7497960644259303,104.47090100962849
802,-0.2097923285665227,0.7350694079942302,104.50472292057229
803,0.226606399773623,0.6907918074525001,104.51260179277388
804,-0.2261105935595066,0.8714631481707017,104.49464744538881
805,0.2085281821073441,0.9898563045069859,104.45161551338569
806,-0.0914193033152369,0.7968695191508058,104.38454978416443
807,-0.1036414651334212,0.58884465948099,104.29479680565242
808,-0.0514926962363676,0.48772096186235786,104.18377173437403
809,0.1335302385841999,0.7135822218455895,104.05288753957021
810,0.0915983964809833,0.8648462645442907,103.90355533897473
811,-0.183460100824555,1.1563026609710143,103.73715743985353
812,0.2132245598686128,1.0117133835020746,103.55506205662931
813,0.2495156337125978,0.5318486958686368,103.35863567041878
814,-0.2787985818014911,-0.020446180537116693,103.1492447623386
815,0.2677219669357643,-0.2859777804412758,102.92825581350552
816,-0.2530866475478998,-0.12394865748833421,102.69703530503622
817,0.1921594876257555,-0.26910920567316154,102.45694971804738
818,0.1408960776198741,-0.5602616112756853,102.20936553365581
819,-0.2431394209925684,-0.9525098119855844,101.95564923297815
820,-0.0510101284044882,-0.9461323089339686,101.69714243733846
821,0.1302965149868912,-0.6653042518190923,101.4350077368322
822,-0.0740171387726278,-0.1560344431726648,101.1700515819453
823,0.4408284874517299,0.3762223277809508,100.90294918476732
824,0.4048999104043736,0.63073724379219,100.63436284580344
825,0.0895179297356912,0.7555547647376135,100.36492730552668
826,-0.7532533970625164,0.5581398937489581,100.09511350331356
827,0.8085284225019392,0.10632100286245516,99.8251505746356
828,-0.8154745046303729,-0.5797639778185231,99.55523848244889
829,-0.7383837535976914,-1.0572971699043183,99.285680923502
830,-0.3668496760371164,-1.1299810268823374,99.01683070291946
831,0.1623100898893088,-0.9613568956957127,98.74904680580642
832,0.460469717531376,-0.6131579347995173,98.48268821726813
833,0.436062346827948,-0.19417153762759934,98.21810919079965
834,0.1707473077653296,0.10362671868298759,97.95562597355169
835,-0.1136790303880533,0.3582086488231898,97.69547038156487
836,-0.1250638068406135,0.487217552280919,97.43784625455969
837,-0.0364944607453597,0.5934985326816073,97.18299592806375
838,0.0967757192344353,0.6819562575511425,96.93126802321441
839,-0.0578259725491005,0.8647477877282153,96.68307818482087
840,-0.5435352650680099,1.1146433250162184,96.4388919400518
841,-0.5937010719770387,1.1545408812592608,96.19916019071779
842,-0.1490788860340714,0.884816788895191,95.96426209713889
843,0.720148434006252,0.24533136234779196,95.73452020364596
844,-0.6533837924936624,-0.6068523531080724,95.51023614560174
845,0.0359202540747149,-1.10763422556847,95.29171397149375
846,0.3826750401603412,-0.991995840637253,95.07932080047692
847,0.1781021622855721,-0.5816162225017709,94.87351406021621
848,-0.149866454344945,-0.05457211039804412,94.674438564743
849,0.0715400359508669,0.39637830128660945,94.48208166276252
850,-0.0585809335712404,0.7121312072649623,94.29644972630626
851,0.1859621641012975,0.6464037191844567,94.11763411671424
852,-0.2276407634181401,0.1319849731214634,93.94565579029668
853,-0.1477174826927105,-0.2827939723151891,93.78051145500788
854,0.0761756784765113,-0.34837349727892075,93.62219781880239
855,0.097954850180584,-0.21866643981518136,93.47071158963459
856,0.1302986070296408,-0.02630930026624509,93.32601069323661
857,0.0734952236763017,0.1687124217227684,93.18779235460093
858,0.1459432406588982,0.2287792713395126,93.0552774880016
859,-0.1411659056753336,0.1436476578741793,92.92751824780116
860,-0.0405064594718821,0.16696294503143522,92.80354351444045
861,0.0661556666541822,0.1814703043958713,92.68237402894997
862,0.1969285627666963,0.17011358746419925,92.56295784976912
863,-0.2673389540458676,0.043271787597699396,92.44406716644818
864,0.3036695299004439,-0.2879986255001574,92.32432909559972
865,-0.3339795559197847,-0.7282873821335136,92.2022669380533
866,0.0448009272131721,-0.9811845030915043,92.07638357587832
867,0.1339979215191465,-0.9091798126634667,91.94518189114432
868,0.4545395033237157,-1.0217277878901487,91.80718828456644
869,-0.0431234281390893,-1.1379237542754865,91.66104718241456
870,-0.4082104549897113,-1.1973844454160223,91.50559490040575
871,-0.4696608297170735,-0.980378227844682,91.34003905756175
872,0.4163388783187596,-0.7502872671701952,91.16394838885142
873,-0.3141148573895917,-0.9131325219387431,90.97724737932835
874,0.0872272305317878,-1.1173806119032825,90.7801533813715
875,-0.1302589992079477,-0.8826744110123044,90.57293341022026
876,0.2129854956518294,-0.7587727276918665,90.35578723204003
877,-0.2352895235530714,-0.6435539789983862,90.12884350255146
878,-0.3081268654247524,-0.46408691360922677,89.89221377903397
879,0.2602101797807135,-0.2862190727531516,89.64600889297245
880,0.4582065157909066,-0.22854619164259393,89.39033967585169
881,0.3057602702615414,-0.561077229418044,89.1253169591565
882,0.4055412756503813,-1.1365928500220805,88.8510515743717
883,-0.6287499459888114,-1.3389044069932996,88.56765435298212
884,0.500984877433904,-0.7362210039064339,88.27523612647254
885,0.4900449078429899,0.07604736582918618,87.97390772632784
886,-0.3249403528682995,0.5311603688355981,87.66377998403271
887,-0.0499401280508768,0.5749763969787677,87.34496373107211
888,0.0193335782152863,0.8330966228539585,87.01756979893075
889,-0.0852358271432751,1.1935268080497572,86.68170901909353
890,-0.1398268145454738,1.5823345915002545,86.33749222304522
891,0.1489569612910426,1.6060127964383275,85.98503024227061
892,0.3490665135986066,1.2264995781468218,85.62443390825456
893,-0.3784056571166542,0.8725916046347675,85.2558140524819
894,0.2329937705023816,1.0177247230602326,84.87928150643738
895,0.1278228618396517,1.5072300365544655,84.49494710160589
896,0.2224590350261514,1.804619295501694,84.10292166947215
897,-0.1494624508216784,1.9561464093005978,83.70331604152108
898,-0.0391974392739781,2.1729563900365756,83.29624104923741
899,0.0054916497098564,2.5126944598200653,82.88181389047008
900,0.0209465609306869,2.938857468190908,82.46019597087842
901,-0.0796681850522652,3.5480040936460777,82.0316640914062
902,-0.1499280602053642,4.053214748580718,81.59671331162465
903,-0.099891342169297,4.343718355242338,81.15617298692696
904,0.4314662103886376,4.17740954556357,80.7111242440478
905,-0.5384056738916683,3.9357103409001546,80.2626953329915
906,0.130682534759552,3.717302961477869,79.81201450376258
907,0.6620266258956203,3.4777633677389552,79.36021000636543
908,-0.6487660526294463,2.8403559618250194,78.90841009080442
909,-0.009273645733845,1.93153063864984,78.457743007084
910,0.4985130046396023,0.7721499901517869,78.00933700520861
911,-0.413052952674017,-0.3012673825086112,77.56432033518263
912,0.3603731857392727,-0.5841944327497421,77.12382124701047
913,-0.3593051952799093,-0.30966279541668124,76.6889679906966
914,0.4049069555502321,-0.9057957717956218,76.2608888162454
915,-0.4724885808576302,-2.1982233928036337,75.84071197366127
916,0.5328203845042118,-2.9723860974528686,75.42956571294866
917,-0.5486646475208939,-3.0199136365911037,75.02857828411199
918,-0.3682749571450003,-2.9206029800106785,74.63887793715567
919,-0.1239916031879423,-2.8376013188961653,74.2615929220841
920,0.4652879283603203,-3.01313941726206,73.89785148890172
921,-0.3799937129419449,-3.3087881746710037,73.54878188761295
922,0.1360513197005969,-3.211563687922774,73.21551236822218
923,0.0948764444075284,-2.8540476251413733,72.89917118073384
924,0.1153055138398804,-2.356192088992258,72.60088657515239
925,0.0024264557354475,-1.9242132572176343,72.32178680148219
926,0.032206852129247,-1.675206961856923,72.06300010972768
927,-0.0612568033856719,-1.4343979465076069,71.82565474989327
928,-0.0392865723817055,-1.2315290536517303,71.61081562603344
929,0.0651215669589127,-1.1742194293455501,71.41909786238662
930,0.0091561863703783,-1.3493558551018554,71.25019966873147
931,0.0455441354064841,-1.738895056456697,71.10335092105021
932,-0.0341244018436347,-2.113598186077212,70.97772258792085
933,-0.0791031329269246,-2.3334188131577203,70.87252194608465
934,0.1356987012284365,-2.4726640505519963,70.78696534932357
935,-0.1260714712005806,-2.384197680219129,70.72026915141971
936,0.0800604226890658,-2.2917101288441297,70.67164970615504
937,0.0143771151414101,-2.3147004824530475,70.64032336731165
938,-0.113027062061765,-2.5124794266097776,70.62550648867155
939,-0.1285458203514869,-2.7778696036652066,70.62641542401668
940,0.2129388907517502,-2.9552054178809546,70.64226652712921
941,-0.2027612729984924,-2.789514878792567,70.67227615179107
942,-0.7087365817574055,-2.3369240700269036,70.7156606517843
943,-0.3650043933188353,-1.9266319875720963,70.77163638089094
944,1.0627097594962986,-1.5121294523893305,70.83941969289303
945,1.1533939723968405,-1.1116209139693918,70.91822694157256
946,-1.2816973281351562,-0.6955771525764184,71.00727448071156
947,1.2797001154425174,0.2945212204653823,71.1057786640921
948,0.4211208180876207,1.1659233364161758,71.21295584549621
949,0.3199734643597302,1.7920041569344403,71.32802237870582
950,-0.6604541867556687,2.2202595692526144,71.45019461750307
951,-0.6038844466217268,2.7451955309517952,71.57868891566993
952,-0.7893316573418013,3.3966100303533664,71.71272162698843
953,0.0935286106437268,4.024962284115681,71.85150910524061
954,0.2293504731412891,4.3463833382569215,71.99426618860178
955,0.4396742843348852,3.9601288363055405,72.14019687935958
956,-0.2503550550865649,2.9818779084538685,72.2884771466327
957,0.2476024021870025,1.5941621170684441,72.43823548074455
958,-0.3181695920651846,0.8396293471400141,72.58854024492516
959,0.2476747513564783,1.043896079399408,72.73842916924411
960,-0.2112269325375684,1.4043475165912627,72.88687941594631
961,0.259674748048797,1.4874825975809038,73.0328426543703
962,-0.2628952908032051,1.307667968312386,73.17522732249081
963,-0.1217457018943695,0.9788190240718829,73.31292667782249
964,0.3042211059401165,0.5509460822117289,73.44483281184817
965,-0.3062662148636736,-0.0535716011870202,73.5698378160507
966,-0.1618963502595951,-0.4349374316533666,73.68683378191295
967,0.2494198950546466,-0.6641326380368862,73.79471274298224
968,-0.0383549020058069,-0.8740085986913649,73.89236350069719
969,-0.012267725426403,-1.0263949666868097,73.97866269211322
970,-0.1063511624237907,-1.1261306845035233,74.05248184692732
971,0.0911235197478371,-1.0838106097272933,74.11268708997946
972,-0.0730796302226681,-0.7850690223410648,74.15814865256372
973,0.0851163837203524,-0.4628545980738342,74.18773821435349
974,-0.0472655726833699,-0.31306970588527827,74.20033527856866
975,-0.0336619662256875,-0.4611886763893071,74.194850642615
976,0.0383284199855563,-0.5485431641432641,74.1702147441577
977,-0.1891131107291588,-0.6163154103758859,74.12542852110505
978,0.2431928587946907,-0.8228064913505507,74.05961363255585
979,-0.267147046572433,-1.2248676068151918,73.97201465338763
980,-0.0707338013013685,-1.3613616291629522,73.86209543046435
981,0.2549728836696303,-1.3646269489314153,73.7296540652618
982,-0.0486282162036234,-1.1461905875572365,73.57481880376083
983,-0.1602131422195327,-1.0477052322199405,73.39791837443948
984,-0.0944585650614041,-0.9848505165151396,73.19930908157656
985,0.0361289610865389,-0.9256068043632979,72.97947784327675
986,0.1972264723714412,-0.9363163838219197,72.73908991145046
987,-0.171847805517526,-0.7870669934364334,72.47891479895395
988,-0.1824667969951034,-0.607295924548592,72.19976272154369
989,0.1522086962466724,-0.3346587585404926,71.90245006229382
990,0.210117784869114,-0.22791098914770663,71.5877932042786
991,-0.2020376684944686,-0.19457086207774899,71.25660853057221
992,0.147760443002467,-0.1374728672513898,70.90971242424894
993,-0.0066983343869162,0.02877706600400401,70.54792126838291
994,-0.0443633622673796,0.2323119162189859,70.17205144604841
995,-0.0881086449299037,0.6051893046102793,69.78291934031962
996,0.1210992883819904,0.837559377347259,69.38134133427076
997,-0.1155970808691738,0.8374001678861441,68.96819691298303
998,0.0874823567551186,1.087869886779583,68.54464775646531
999,-0.0274321418179713,1.3653943474856367,68.11203779433235
1000,-0.0647966457904015,1.693058781052581,67.6717378647378
1001,0.2124472708727364,1.9724528209873622,67.2250999081399
1002,-0.270633773613293,2.2472200480416884,66.7734137255716
1003,0.2347297292879208,2.207446585901778,66.3178236848103
1004,0.3283895258507647,1.7622426556598176,65.8593678184894
1005,-0.0951980213209024,0.8761330148500948,65.39906500647082
1006,-0.3336093021036412,0.1356751734871725,64.93793412861646
1007,0.2186769142667621,-0.24567097905502677,64.47699406478827
1008,-0.1696637159276139,-0.2975999789205437,64.01726369484815
1009,0.2161538109458275,-0.4959157096038843,63.55976189865807
1010,-0.1111146829090116,-0.9243928731708805,63.10550755607989
1011,-0.0722712866844911,-1.1632482602910734,62.65551954697557
1012,0.0715247933152819,-1.3723415445223304,62.21081675120704
1013,0.1213736414731286,-1.3137916901093365,61.7724180486362
1014,0.1628012149317753,-1.1741435340567603,61.34134231912498
1015,-0.289396783781099,-0.9492116587542265,60.91860844253533
1016,-0.247191203331909,-0.8380440953972315,60.50523529872913
1017,0.491804826403501,-0.7640465939718633,60.102241767568366
1018,-0.5686823555899341,-0.6319643733249614,59.710646728914895
1019,0.6144220283351131,-0.1858910909657725,59.33146906263066
1020,0.1225172332311144,0.07175511819126346,58.96572764857761
1021,-0.2874032615093535,0.2629618948916961,58.61444136661766
1022,-0.5863553118981027,0.2778229186754815,58.278532393222626
1023,0.5564039971846267,0.2850721587400118,57.95852384407536
1024,0.2930684516873281,0.2822133888117988,57.65471815950086
1025,-0.1502101368948331,-0.06691365725031373,57.367123794145144
1026,-0.4906815367444321,-0.7850654579144662,57.095746994658896
1027,0.4128936012201183,-1.833538947895431,56.840645346675316
1028,0.3970622963869729,-3.00907755534329,56.60201525895633
1029,-0.2666298853964074,-3.9034487487105567,56.380078634106965
1030,-0.5699387379353718,-4.264994397438996,56.174933135374374
1031,0.3367876629203531,-3.733431468522256,55.986643805601915
1032,-0.0583533237237166,-2.796922363909159,55.81527568763288
1033,0.2824242011477814,-2.0733180254584362,55.66089382431066
1034,0.8986063714890197,-1.7222256221408196,55.5236192506518
1035,0.3889948646120558,-2.0828346132694135,55.40383974865736
1036,-0.9548166766249042,-2.6173535290429717,55.30217020566787
1037,-0.8342787061485765,-3.1449895811668234,55.2192682873154
1038,-0.5310638049526926,-3.3747278542793158,55.155791659232
1039,0.266555194525504,-3.418953181575227,55.11239798704972
1040,0.859467118076472,-3.219212054477111,55.089744936400635
1041,0.3273734711659063,-2.6458636440827044,55.0884901729168
1042,-0.6008112034132677,-1.6484270760747814,55.109238279488046
1043,-0.4423007612968221,0.14994580738069008,55.15235495391613
1044,0.4668386649961671,2.105125136146862,55.218036198856964
1045,-0.0651396705380047,3.7987297914006266,55.30640987913738
1046,0.8990740778920053,4.623332458451339,55.41759346365666
1047,0.3853307169490235,5.032993967247149,55.55167531580382
1048,-0.4332177509042433,5.314642113867285,55.70857563703697
1049,-1.4218246728596664,5.703844489972476,55.88798018288719
1050,-1.7652085317519397,6.505634308610512,56.08957422314143
1051,-2.075836136696344,7.522612379650051,56.313223757046295
1052,1.6251613272892746,8.6759991112827,56.55883956142801
1053,2.0957507436462803,8.947916843240941,56.82633241311279
1054,0.226120493082929,7.9282664179902484,57.11561308892682
1055,-0.8254358643859583,5.9288434986896394,57.42659236569633
1056,-1.3798882617695851,3.780707241522057,57.75918102024753
1057,-0.5160128357885335,2.00272300638193,58.113289829406604
1058,0.668236644750779,1.0529337852494352,58.48882956999979
1059,-0.0290991558525298,0.7933881369992354,58.885711018853286
1060,0.0922579648530552,0.44389708235364794,59.30384495279329
1061,-0.0021840449266142,0.009041896280595152,59.743142148646015
1062,-0.0228887517057435,-0.2806246315319526,60.2035133832377
1063,0.0247306822512103,-0.6796001156457335,60.684869433394525
1064,-0.0902343561185561,-1.0368867198241118,61.18712107594266
1065,0.1268769341235,-1.6768289246551114,61.70995199053161
1066,0.0003347162237364,-2.752472184327268,62.25213746810354
1067,0.3262850496551231,-4.238493851604835,62.812208801949716
1068,-0.3424674146625939,-5.636151231892542,63.38861864655513
1069,0.2999160892436858,-6.249707397613678,63.97979130837
1070,-0.2284034537409354,-6.455782256250137,64.58418570999108
1071,0.1737642931684252,-6.6636768853199815,65.19991259215156
1072,-0.1656264678174078,-6.56920990885744,65.82483637667485
1073,0.0542824323651256,-5.861063624836491,66.45678119247135
1074,0.2952349674939251,-4.988806135945316,67.09357116845139
1075,-0.4161670077932172,-3.7968634257320617,67.73303043352529
1076,0.5607473055066529,-1.9337304221101024,68.37298311660345
1077,-0.709414504441621,0.5881611578454411,69.01125334659619
1078,0.8339092138986547,2.100425533687483,69.64566525241386
1079,0.1130509982945905,1.9629060387385857,70.27404296296682
1080,-0.9695418096897488,1.1953312025243665,70.89421060716539
1081,0.202050498270142,1.1639571878099155,71.50399231391994
1082,1.0451420346873026,1.483645753171863,72.10121221214082
1083,-0.2404250562614313,2.1867306255230474,72.68369443073838
1084,-1.2575436071520083,2.6382805085290437,73.24926309862296
1085,1.4846934672725725,2.689571591327037,73.79573494140038
1086,1.3216638878094569,2.9674114166043957,74.32092469558614
1087,-1.9156364006970057,3.052728374156241,74.82290802654074
1088,0.760648374094812,2.248932059595294,75.3004195663099
1089,2.0996002316098514,0.45804798581171524,75.75235178257844
1090,-2.0321975537090005,-1.6453995893222995,76.1775971430313
1091,1.945521526220235,-0.020624648961051872,76.57510312274081
1092,-1.9687914529456936,3.524558787029682,76.944232665916
1093,2.127561754418952,1.5872527630791244,77.28518548250192
1094,-2.2954987792309143,-2.3029757199742447,77.59847449920515
1095,2.3065071129133066,-1.5917391601110493,77.88523204719775
1096,-2.0940914080586834,1.2167899901601837,78.14730141789849
1097,0.178422705855835,2.4349030956498505,78.38667419849432
1098,1.2685739549683874,1.9160840688595548,78.60534197617207
1099,-0.7695632174223698,0.44426687930366354,78.8052963381187
1100,0.2461059609453281,-0.6646348324663831,78.98852887152104
1101,0.1303651037010627,-0.7873451009622715,79.1569799972612
1102,-0.4027888173470815,0.09051556251004012,79.31227325483704
1103,0.4117704691615521,1.1326971338989118,79.45553239693956
1104,0.1928750652276656,1.2193549980487521,79.58776993672359
1105,-0.843878870497215,-0.12611976100414635,79.70999863150135
1106,1.105375696036523,-2.188606934621462,79.82323123858492
1107,-1.3474173819120234,-2.4410631333744233,79.92848051528644
1108,1.4851615079090117,-0.9519665133959938,80.02680500548699
1109,0.4742750985048393,-0.09359173586107439,80.11931663735623
1110,-1.201204914833018,-0.3053286989035836,80.2065336137366
1111,-0.6710584050796969,-0.9173126007124756,80.28837100579216
1112,-0.8977086790824395,-0.7669486860412635,80.36465736512369
1113,0.8607157351855491,-0.2959454646134112,80.43522972942786
1114,0.6182228776857266,-0.11814801408698251,80.49992513640126
1115,0.4856968649357255,-0.044277488676236806,80.55858062374051
1116,-0.0746942486275844,-0.03633898051472251,80.61103322914231
1117,-0.3372366526679768,0.1801166623647213,80.65711999030324
1118,-0.5632316152081296,0.4165536702881454,80.69667794491998
1119,-0.7209376672847599,0.6913935365956249,80.72954413068913
1120,0.1059144857826242,0.9885198631681982,80.75556565104918
1121,-0.2174381814333855,1.2927634395323997,80.77467474190098
1122,1.190353925824214,0.8226645838706282,80.78698149030515
1123,1.2305304841991582,-0.023103867086555208,80.7925733828874
1124,-1.3175845532872223,-0.4738670380187687,80.791451591306
1125,1.186220471478412,0.4801378794505961,80.783641649071
1126,-0.2760097787821827,1.336763101179911,80.76924667760227
1127,-0.1951533031502423,1.3967097543721774,80.74844354877806
1128,-0.2806350096694072,1.1393037390969054,80.72133127057249
1129,0.3822799965712038,0.5098242762556908,80.68789572717311
1130,-0.3677366680971692,-0.10036249168828476,80.64809915978547
1131,-0.2313189891762846,-0.21058482043880447,80.60190380961508
1132,0.3752298044408741,-0.1245017223084113,80.54927191786753
1133,-0.112301586934502,-0.1578641388138105,80.49016572574833
1134,-0.313012187465054,-0.1615352869979646,80.424547474463
1135,-0.2268561921704527,-0.37552321304670744,80.35237940521716
1136,-0.0008440992067908,-0.3727796600094539,80.27362375921624
1137,0.2111053771663417,-0.48935009045535316,80.18824471328901
1138,0.0053428275960474,-0.5616574262709396,80.09631459867491
1139,-0.0366744847124551,-0.4216421694361817,79.99831665414862
1140,-0.0953743782310739,-0.259497753281967,79.89487213151304
1141,0.0652558436457718,0.018091117233405785,79.78665303912082
1142,0.0662624813375359,0.12934925972984748,79.67438825893264
1143,-0.1791762669054791,0.17032859544902276,79.55884767145645
1144,-0.051589496715442,0.1307759652707896,79.44081353144466
1145,0.1498872784720235,0.029015531758087604,79.32109718976987
1146,0.3975601281296655,-0.058086162671774494,79.20052603454212
1147,0.5848558292433039,-0.1446634287916794,79.07980759954837
1148,-0.8126305029562346,-0.12691860613676859,78.95954910909299
1149,0.2017840093961866,-0.11212368918658422,78.84033967979042
1150,1.107399627845412,-0.27016805610033223,78.72276842825492
1151,0.7219808850534171,-0.7194053561543814,78.60742447110096
1152,-1.2479482481915318,-1.1069486767513181,78.49489692494285
1153,-1.245397153712238,-1.330377752682766,78.385774906395
