,co-imf0,co-imf1,co-imf2
0,0.3640284131983059,-1.039086563443937,51.90505815024563
1,0.4241623018701934,-0.1380205702953181,52.013858268425125
2,-0.080053750967837,1.2517051885890624,52.10834856237878
3,-0.5237683805763225,2.7356689613984084,52.18809941917791
4,-0.6411489499618988,3.90846772406805,52.25268122589386
5,0.6768156204185165,3.991520009983532,52.30166436959795
6,-0.6721567179562588,2.797537480594743,52.33461923736152
7,0.6970640391349928,1.5818197446090805,52.35111621625594
8,-0.8112277253340546,0.9605020319815782,52.35072569335248
9,0.1523941309399226,0.47458781333755473,52.33301805572253
10,1.3537979903738195,0.518537594865593,52.29766441476059
11,-1.7861717911262494,1.5314074539256155,52.244764337200635
12,-1.8069991401905967,3.0723319978921784,52.17466714229841
13,2.339161460543948,4.2729063725735905,52.08793216688246
14,-1.3789689376298089,4.2938142919303495,51.98515464569946
15,-2.5928184494967748,3.685891360524284,51.866927088972496
16,-1.5212440916801315,3.1074020847555115,51.73384200692462
17,1.0600388525527211,2.673469237668357,51.586491909778914
18,2.0883173895828064,2.3862133026587173,51.42546930775847
19,2.035198747153232,2.143434541760415,51.251366711086355
20,0.957812123461102,1.9774112465532478,51.06477662998566
21,-1.5403471242190034,1.6740555495395801,50.86629157467943
22,0.1028269437640764,1.0006690008451598,50.656504055390755
23,1.1451378332537008,0.288855584403578,50.43600658234271
24,0.2899868617093965,-0.0053785274677934924,50.205391665758405
25,-0.9230824576093656,-0.042169358251505806,49.965251815860874
26,0.3716278343717596,0.11219262275504194,49.71617954287319
27,0.8237623680170576,-0.08252972503552614,49.45876735701847
28,-0.7765324561248143,-0.7770753123949394,49.19360776851975
29,0.7036644525840807,-1.9849577401842438,48.92129328760016
30,-0.5952709327196006,-2.9571454917630966,48.6424164244827
31,0.0453450825670648,-3.242914771957568,48.3575696893905
32,0.3030687775130277,-3.020414370059652,48.06734559254662
33,0.1510387758509578,-2.7333754200250997,47.77233664417414
34,-0.1644242338766491,-2.6487111206194993,47.473135354496144
35,0.0812955362947059,-2.5816297700304034,47.170334233735694
36,-0.1651785029668962,-2.6993719108787246,46.86455041384562
37,0.4225362471054452,-3.079036862615007,46.55650061550956
38,0.1904747659004693,-3.537414738125136,46.246939972224666
39,-0.7010629845695567,-3.2455992700761236,45.93666225464568
40,0.452061284059783,-2.0785319013235464,45.62647061726376
41,0.8661140576061235,-0.5632822721762403,45.31716821457012
42,0.1333553793242151,0.3970447671410584,45.00959985353472
43,-0.4795538354252475,0.7747768843822584,44.70477695104299
44,0.0213083741956277,0.5149390493451805,44.40375257645919
45,-1.022081279285042,0.3445014801374626,44.10757979914758
46,-0.8611101499068982,0.2837984614344997,43.8173116884724
47,0.2194237818481471,0.0965749043539274,43.53400131379793
48,1.1828512867030232,-0.0815530311914423,43.25870174448842
49,0.8345977922466461,-0.23706384215477683,42.99246604990813
50,-0.1451772043481831,-0.37117009507313115,42.73634729942131
51,-0.7110077989008345,0.0596092365086216,42.49139856239221
52,-1.0339070251505846,0.985234116965436,42.25867290818515
53,-0.3686919219712921,2.4094928702993834,42.0391990516719
54,0.6937265310053713,3.5024593107357065,41.83381415825893
55,-0.4763079631589569,3.5033534502825856,41.64295451287638
56,0.2736987685125456,2.939338962528965,41.46696226895849
57,-0.1343186364174871,2.788139056477967,41.306179579939524
58,0.0759832091981935,2.66311094257206,41.160905848229746
59,-0.0781687726388827,2.4868993004952777,41.031269472143606
60,0.097671080061191,2.414999552555701,40.917329367383125
61,0.0412211273829182,2.3797329807993233,40.81904589181776
62,-0.1644203303558155,2.4580339150711596,40.736386415284656
63,-0.1075268834054212,2.428199129377499,40.66932775402793
64,0.2290433013466865,2.3931097048901293,40.61784699376319
65,-0.1934806522435488,2.261559432037482,40.58192122020606
66,-0.1072541722422655,2.155726653170086,40.56152751907218
67,0.1857882806578027,2.027568743265045,40.55664297607716
68,-0.1536245575443813,1.9963798806077606,40.56724467693662
69,0.0495941175852933,1.8070961750485153,40.5933097073662
70,0.0250472894272516,1.7701375574912548,40.6348151530815
71,0.0336814534572395,1.6745804467446264,40.69173809979814
72,-0.1017420605189456,1.6676864272871912,40.764055633231756
73,0.1135342549766243,1.7247209059254116,40.85174483909797
74,-0.0898414802809967,1.7150586771686127,40.95478280311238
75,0.064124386166142,1.592729002843214,41.07314661099064
76,0.0934819195712911,1.4397047319803562,41.20681334844836
77,-0.1194616985238512,1.253701597322706,41.35576010120115
78,-0.0401856274784546,1.1802216725138117,41.51996395496464
79,0.0336559811068886,1.1969420234386488,41.699401995454465
80,0.1089180835567073,1.1570306080570598,41.89405130838623
81,-0.0429895927975475,1.0591006133219711,42.10388897947557
82,0.0045603558963859,0.8266223874480383,42.32881725665557
83,-0.0304946539163888,0.5120556171870801,42.56843903672931
84,0.005628043291512,0.22208957799117957,42.822282378717304
85,-0.0274371443087371,-0.0024381973313647443,43.089875341640116
86,-0.0224686406142989,-0.38827734390395086,43.37074598451825
87,0.0573262858832877,-0.7617486522555652,43.66442236637228
88,-0.062496772589359,-1.0579357736333348,43.970432546222696
89,0.0129469904068848,-1.3812515734969777,44.288304583090095
90,0.0134099874411436,-1.6809765234361165,44.617566535994975
91,0.0119150493361711,-1.9996614656740275,44.95774641633786
92,-0.0456016532523618,-2.382752440489799,45.30835409374216
93,0.1903743931036065,-2.9191991977908742,45.66882480468726
94,0.3223759822186237,-3.5709278574162933,46.03855187519767
95,0.0041925028831507,-4.291035898222541,46.41684339533939
96,-0.5152568263568222,-4.827595898339277,46.80285272469611
97,-0.3874198108353868,-5.248212406813025,47.195632217648416
98,0.5726101397688039,-5.476826893136149,47.59421675336734
99,0.4978325978909259,-5.545473808914831,47.99764121102392
100,-0.0529603048808544,-5.4219801649082395,48.4049404697891
101,-0.659370753112538,-5.095778655721358,48.8151494088339
102,-0.6498693621774607,-4.357433545151914,49.227302907329374
103,0.1478173174590001,-3.128253161905504,49.6404358444465
104,1.0314941900959331,-1.9050772894522316,50.05358309935629
105,0.2963900240866484,-1.2721695753164057,50.465779551229765
106,0.1626155096551793,-1.6486755888930649,50.87606007923788
107,1.0174394992520577,-2.7308990618037736,51.28345956255171
108,-0.5596123472941785,-2.9974005330480575,51.68701288034224
109,-1.892551419412262,-2.0632034923681966,52.085754911780455
110,-0.7344779281473969,-0.05424260788999341,52.47872053603739
111,1.9463339556277448,1.828721412088213,52.86494463228404
112,1.3686227535875577,2.447915166721019,53.243462079691426
113,-1.5867631445225103,2.1934553870919644,53.61330775743055
114,1.2824494535957736,2.0340340017318157,53.973516544672414
115,0.1260458199952183,2.4908308594167656,54.32312332058802
116,-0.3105105666588986,2.9093476023105,54.66116296434839
117,-0.4336953167035225,3.037024961578978,54.98667035512455
118,0.2764391077899873,2.7048805201225505,55.29868037208747
119,-0.2548949598125929,2.1786670654044458,55.59622789440816
120,0.325733164239538,1.7859190345028024,55.87834780125766
121,-0.31057399809665,1.9164780039057967,56.14409599419085
122,-0.5790876218953244,1.9563329417809554,56.392754680114365
123,0.0657315078101241,1.7900666558051364,56.62420183638474
124,0.753882310693471,0.9076364939275281,56.838481195378996
125,-0.7875437427526899,-0.24809863152256817,57.035642374275255
126,0.837652025118918,-0.05338701537056112,57.215734990251654
127,-0.967629507545021,1.048820847058742,57.37880866048628
128,-0.3811929838131391,0.7262799816558866,57.52491300215725
129,0.8600117294572592,-0.6841093618999531,57.65409763244269
130,1.5772498065818426,-1.4637589326919374,57.766509126110094
131,-1.6567951617856091,-0.20591413216475674,57.86270929395037
132,1.5632933232743735,1.873240149718021,57.9434665270076
133,-1.35401251986782,1.4244358978759792,58.00957662199183
134,0.0966374814387758,0.34152714294816644,58.06183537561306
135,-0.6482942368710625,1.0472556522897079,58.10103858458136
136,1.1737969285062215,0.6982210258870343,58.12798204560675
137,-1.2933835676979497,-0.7000779877012955,58.14346155539924
138,1.2764519072588203,-1.014724817927717,58.14827291066889
139,1.0003657426422077,-0.7435776507679419,58.143211908125735
140,-1.0673558720696856,-0.4617184724101163,58.129074344479804
141,-1.0143751809145416,-0.5922808355265746,58.10665601644112
142,0.1415675968792134,-1.3383216323271734,58.076754035447955
143,0.7629743722637632,-1.813166990370819,58.04019261810706
144,0.3723794918111694,-1.5902838365956857,57.997904344784516
145,-0.5367688623703782,-0.9242554730789638,57.95102433544934
146,0.2490309198824581,-0.15018016038522142,57.90114924050277
147,0.4087982337431479,0.2710891498450171,57.850112616411835
148,-0.3750044101009188,0.3152226732678922,57.79978173683303
149,-0.1098584805246543,0.15783460510186098,57.75202387542279
150,0.1011372569496321,0.09015643721273889,57.70870630583763
151,0.0390285725171072,0.189275587989148,57.671695839493744
152,0.3112963698009902,-0.054153589766145496,57.64285721996516
153,-0.2980757143993128,-0.2859781386613863,57.6240538530607
154,-0.3370829582974522,-0.2800656946411224,57.617148652938575
155,0.4409047164856327,-0.0646736722469094,57.62376895576128
156,-0.4787701177010478,0.0943696418872501,57.6444004758138
157,-0.1296038815725631,0.0511399057576404,57.67846397581492
158,0.4922021815103773,-0.21728774492157119,57.7250855634112
159,0.3999043457856371,-0.41316127712246437,57.78325693133683
160,-0.2612286858520449,-0.5905856883555569,57.8518143742076
161,-0.4701636532768734,-0.4592293670372374,57.92939302031412
162,0.1492662212260252,-0.16381490770175436,58.014548686475734
163,0.3602034163251911,0.03397028679895847,58.105826296875854
164,-0.2885283271480048,0.08675303930187522,58.20177528784613
165,0.2177932624612458,-0.11876818984635357,58.300974927385106
166,-0.0763424024060464,-0.315736334738451,58.4020787371445
167,0.029153623380568,-0.5330680576308636,58.5039144342503
168,-0.0794529349783213,-0.5260826608515252,58.605535595829856
169,0.1932466023154934,-0.3993243479497329,58.70607774563424
170,0.0231678572578763,-0.3278530139460871,58.80468515668822
171,0.0545312639527269,-0.4050333659692089,58.900502102016475
172,-0.4559534232899174,-0.0367194313538579,58.99267285464378
173,0.5183813282266779,0.4012769841784873,59.08034168759484
174,-0.5208629777390218,0.3582101038446286,59.162652873894395
175,0.4198417137392133,0.331407599693611,59.23875068656719
176,0.2270578058328666,0.4651627955292376,59.307779398637905
177,-0.0266945802497371,0.6578112971184162,59.368883283131325
178,-0.1153101279575615,0.6941035148853963,59.42120661307217
179,0.0155001580236162,0.5206061804912229,59.463893661485166
180,0.0244906993031298,0.47925632849757516,59.4962529721993
181,0.0044723091819267,0.47719067667735876,59.51833701414072
182,-0.0147377518720959,0.4840155907047692,59.53072216116734
183,-0.0238835384896217,0.48976284304462564,59.534120695445
184,-0.0235402398531073,0.49428307410658057,59.529257165746536
185,-0.0385570671952512,0.521700946350503,59.51685612084475
186,-0.0114894631040438,0.5138473535916244,59.49764210951243
187,0.2465136005020406,0.2811467189755414,59.472339680522424
188,-0.2839828026116037,-0.1576905800359028,59.44167338264751
189,0.1327752640426818,-0.5391430287031728,59.406367764660494
190,0.2698114132058349,-0.8369587885400438,59.36714737533422
191,-0.2319123955593142,-1.0928243678821161,59.32473676344143
192,0.0005184109423178,-1.2803788886973115,59.279860477754994
193,0.0727197386649061,-1.3059628057125958,59.233243067047695
194,0.0257282634476382,-1.2113373435399786,59.18560908009234
195,-0.0031499136347144,-1.1345331520270276,59.13768306566175
196,-0.0049403699004138,-1.085249202628298,59.090189572528715
197,-0.0371598520370984,-1.0066608113073332,59.043820663344434
198,-0.0132644895019952,-0.9858083447710804,58.99907283427308
199,0.0131547253543386,-0.9692708883166349,58.956116162962296
200,0.0757043768353923,-0.9906404798080795,58.91493610297268
201,0.1113292539669901,-0.9868430193811054,58.87551376541411
202,-0.2441525639016769,-0.5936844729803548,58.83783703688203
203,0.2504480799778428,-0.08234188394972008,58.80189380397187
204,0.0926553820429285,0.3196726646779715,58.7676719532791
205,-0.1735114161056281,0.438352044706495,58.735159371399135
206,-0.0082908001898815,0.30394685526247245,58.70434394492741
207,0.0088973927581577,0.3158890467824633,58.675213560459376
208,-4.634550125942312e-05,0.3522902409107825,58.64775610459048
209,0.0200014832500005,0.3580390528338292,58.62195946391617
210,-0.0267926321143355,0.42898110708249027,58.59781152503185
211,0.0293839280970044,0.3953158973699938,58.575300174533
212,-0.0322336560442976,0.4778203570292715,58.554413299015025
213,0.0011746316944193,0.46368658323216577,58.53513878507342
214,0.0020111217756808,0.48052435892075784,58.517464519303566
215,-0.0239113552283653,0.5225329669274275,58.50137838830094
216,-0.0053000074498429,0.5184317287888732,58.48686827866097
217,0.015787732544364,0.5102901904765487,58.47392207697909
218,-0.000894489843855,0.5383668199930821,58.462527669850765
219,-0.0058690676703064,0.5531961237988949,58.45267294387141
220,0.0378590468818022,0.5177977934901659,58.44434315962803
221,-0.0517444872856243,0.614236164803641,58.43750832248199
222,-0.0089049564854799,0.8267900476102493,58.43211490887523
223,0.0105573244380932,1.1613527165424549,58.42808995901945
224,0.1169224255930341,1.4577473292798335,58.425330245127135
225,-0.0863349615832461,1.6626095146364053,58.42372544694685
226,0.0411754050751369,1.5356593506977516,58.42316524422712
227,0.4218807926655649,1.154579890617886,58.42353931671655
228,-0.1212501590933994,0.6965128149296872,58.42473734416372
229,-0.6092629510705252,0.18261394475334722,58.42664900631718
230,-0.7676782839278898,-0.1614856989975818,58.42916398292548
231,-0.072967184896365,-0.35920476884084507,58.43217195373721
232,0.977027332702748,-0.41258993120367593,58.43556259850094
233,-0.6344779733772101,-0.3047476235880067,58.43922559696522
234,-0.9131268369478108,-0.2599237919308127,58.44305062887862
235,0.7859893545141252,-0.23291672850383743,58.446927373989716
236,-0.6437507453992322,-0.7869947666478516,58.450745512047085
237,0.4373804453022943,-0.8917751681015688,58.45439472279928
238,-0.4346512662857638,-0.02311341970907277,58.45776468599484
239,0.5579620220823914,0.08129289653521599,58.46074508138239
240,-0.6205998208351378,-0.5826257678753236,58.46322558871046
241,0.6469222735225736,-0.8720180140235128,58.46509574050094
242,-0.0173067604537229,-0.8489358191781037,58.46624257963184
243,-0.3644170590599275,-0.7021318476222767,58.466548906682206
244,-0.4880053529615045,-0.6379230212862432,58.46592837424777
245,0.4521841260230308,-0.6965636040551295,58.46437947803209
246,-0.4426534221740559,-1.0192956961892943,58.46194911836335
247,0.4035244529604434,-1.5622306284693808,58.45870617550893
248,0.3722036510371688,-1.5269270631988139,58.45472341216165
249,-0.5884307980507962,-0.8616427929634229,58.45007359101422
250,0.5957972001113251,-0.0806266748708111,58.44482947475949
251,-0.5417297199749016,0.10266589388470249,58.4390638260902
252,0.439564070340065,-0.19241347803920394,58.43284940769914
253,-0.300768120239199,-0.7754908620399263,58.42625898227912
254,0.1457307557132341,-1.065096068236112,58.41936531252288
255,-0.2024353955460951,-0.709805765577137,58.412241161123234
256,0.0608579298714782,0.03418483802990829,58.404957232098624
257,0.1467896950357175,0.45563821411883626,58.39757209084545
258,0.1433081750618382,0.3465885319361095,58.390103293002056
259,-0.2207027281101903,-0.16176842063175473,58.38247114874194
260,-0.0141335690110719,-0.3604303067743024,58.37456387578538
261,0.09744081825807,-0.4636754818379313,58.36623466357987
262,0.0596399334162985,-0.416967877921018,58.35732794450472
263,-0.0534370003110868,-0.29426084800630037,58.34769784831739
264,-0.009477708698112,-0.32775958558978746,58.3372372942879
265,0.0358623391588489,-0.36172104356685775,58.32585870440801
266,0.0564323674175792,-0.3699556536657535,58.31352328624818
267,-0.2102683666742181,-0.0899719428645099,58.30024030953873
268,0.2485353999991512,0.26543599178666755,58.28602860821418
269,-0.2412095325538919,0.3903025163449208,58.27090701620898
270,-0.0410462804740589,0.2861519130164759,58.25489436745758
271,-0.0094890925317856,0.2714795966373297,58.23800949589446
272,0.1718348087265111,0.1078939558194033,58.22027123545409
273,-0.1018259187737931,-0.09987250129712533,58.20169842007092
274,-0.0077495257785539,-0.17456035790086477,58.18230988367942
275,0.0044503681845632,-0.16657482839863152,58.16212446021408
276,-0.2202112901976998,0.07905030658838796,58.14116098360931
277,-0.0046164076897408,0.3851635258418197,58.11945288184793
278,0.2792192430779204,0.603673232825316,58.097107524096764
279,0.245176648983048,0.6705002109256779,58.07432314009128
280,0.035219561737501,0.41341638310260376,58.051364055159894
281,-0.3032166302420025,0.2747300115546048,58.028486618687396
282,-0.2540334545173712,0.2480917700838389,58.00594168443353
283,0.2712671166939678,0.24475277714803131,57.983980106158
284,-0.1392745160788818,0.1764217784583492,57.96285273762053
285,-0.1114028752398511,0.1685924426590201,57.94281043258083
286,-0.0044197175514198,0.0803156727528036,57.92410404479862
287,0.0112100765783681,0.08180549538800459,57.90698442803363
288,-0.015881169556032,0.12417873351045439,57.89170243604558
289,0.1252344552504608,-0.003743377844621004,57.878508922594165
290,-0.1491377949839279,-0.2385169464551939,57.86765474143912
291,0.0511125905630571,-0.41050333690322083,57.85939074634016
292,0.1162239736701165,-0.47018738102928287,57.85396340735916
293,0.0994693570060337,-0.4510318379193737,57.85156248091334
294,0.1253846685555835,-0.4775673030679751,57.85218263451239
295,-0.1131112003443651,-0.24253219728015102,57.85564339762452
296,-0.2587057209697499,-0.10302458895110231,57.86173030992085
297,0.278742081883372,0.1910290070441471,57.87022891107248
298,-0.1037383835822633,0.2228136428317172,57.880924740750544
299,-0.2416221366649898,0.09801879803883849,57.89360333862614
300,-0.1124590953180605,0.2044088509476681,57.9080502443704
301,0.3056853933915994,0.2502636089539703,57.924050997654426
302,-0.3337975435533997,0.3924064054040527,57.941391138149335
303,0.3639178390357557,0.1762259554379809,57.959856205526265
304,-0.388584244571712,-0.04064749488459993,57.97923173945631
305,0.3968202364284304,0.09389549542734099,57.99928426814424
306,-0.3808411653555024,0.3611544070795135,58.019686758275995
307,0.3420197914914031,0.31795594472655586,58.040024263782044
308,-0.2895406265473454,0.22967165831081993,58.05986896823653
309,0.2341264584780181,0.1870793249841094,58.07879421653788
310,-0.1482011904796821,0.0518278368951968,58.09637335358448
311,-0.0619260930931416,-0.050253631181657904,58.1121797242748
312,0.026250081029176,-0.1520367545364272,58.12578667350726
313,0.0220710094350343,-0.1588385556152626,58.13676754618024
314,-0.0104357047646748,-0.1342599824275176,58.14469568719219
315,-0.013401703441255,-0.1357427380002884,58.14914444144155
316,0.0793635143187644,-0.14905066814548718,58.149687153826726
317,-0.0889723184946769,-0.18692485075145332,58.145897169246126
318,0.060531222134106,-0.19787905473231487,58.13734783259822
319,0.0267932029296833,-0.15040569171104956,58.12361248878137
320,0.0737932208427306,-0.17806732596534747,58.10427410512261
321,0.0911464506650198,-0.30014443677862257,58.078997986113606
322,-0.2113470017990654,-0.3363284441514637,58.04767544595053
323,0.1253694713715809,-0.335779055223093,58.01040958385151
324,0.1716149539408135,-0.338989165777033,57.967374211836216
325,-0.2069271882442176,-0.2118896806596901,57.91881686890392
326,0.1132610401451258,-0.1783207511554156,57.86505971101028
327,-0.0541760907361821,0.04771963894162169,57.80645645179456
328,0.0456680227105365,0.2109668025600012,57.743365174729476
329,0.0182145880171425,0.30564255016879394,57.67614286181407
330,-0.0306486367999711,0.2255074221831295,57.60514121461684
331,-0.0099206599605607,0.2792132909276206,57.53070736903294
332,0.0792113213089886,0.2676037603526518,57.45318491833836
333,-0.1655220174260175,0.31261142545771314,57.37291059196831
334,0.030639596267008,0.3791081921911244,57.29025221154187
335,0.219083576250832,0.2652583331913399,57.205658090557826
336,-0.2149648146652421,0.0953575328139473,57.119607281851295
337,0.1042325477203033,0.25318552666727434,57.032581925612426
338,0.0695614061798376,0.425374431788847,56.945064162031315
339,0.2236646324267644,0.41879923627506144,56.857536131298176
340,-0.0348677754931449,0.2943878018900148,56.77047997360312
341,0.2229643608934962,-0.10734219002982401,56.684377829136324
342,0.4553667050268449,-0.5050785431147476,56.599711838087906
343,-0.7607909321272978,-0.4561732085207575,56.51696414064805
344,0.7158918977783758,-0.1525087747852419,56.43661687700686
345,0.7780298695626496,-0.13718205691716462,56.35915218735452
346,-0.6395148616268481,-0.6455373502543307,56.28505221188119
347,0.4053362143617706,-0.6201353051387243,56.21479909077695
348,-0.1388651294411002,-0.010009834790932814,56.148874964232036
349,0.0583760598735706,0.35386671204761705,56.08775722807881
350,-0.0130387882502727,0.48117302914138105,56.03186575910889
351,-0.1326623213675814,0.41123062753414014,55.98143169383344
352,0.1287191402250019,0.2347730582857686,55.93650780148923
353,0.1291394262081602,-0.12616868712171292,55.897029260913556
354,-0.2444749146394133,-0.6184064364293571,55.862881351068765
355,0.1031553955557255,-0.9370731277112991,55.83391773215557
356,0.2100222153504116,-1.0200063538562616,55.80998413850585
357,0.1218156911162552,-0.9127314320321932,55.790915740915935
358,-0.2780417937053683,-0.49847125298748274,55.77651304669285
359,0.2473661635031055,-0.013881119907774297,55.76651495640466
360,-0.025767215497279,0.26512105935392394,55.76064615614335
361,0.0989530697198185,0.14241559827924513,55.75863133200094
362,-0.0691077601103876,0.03891259004098979,55.7601951700694
363,-0.1075812018753727,-0.1574811545653319,55.7650623564407
364,-0.0471969816203867,-0.22576059558652112,55.7729575772069
365,0.061156694641359,-0.11476221310130079,55.78360551845994
366,-0.0843383153421116,0.017607449050294793,55.79673086629181
367,0.0873207539826485,0.10062093922280861,55.81205830679455
368,0.0180748391817963,0.15261263475811032,55.82931252606009
369,-0.0438928743335109,0.1956746641530358,55.84821821018047
370,-0.0292317797206555,0.1607317344729947,55.86850004524766
371,0.0300331138300918,0.08008416881623269,55.88988271735367
372,0.0104581507050049,0.0774509367045193,55.91209091259048
373,-0.0209649667090282,0.08611564965893759,55.934849317050094
374,-0.0159528243423328,0.058070207517864694,55.95788261682446
375,0.0247057815748119,-0.005621279580456884,55.98091549800564
376,-0.0134063350589819,0.00973368837339661,56.00367264668559
377,0.0209533625091409,-0.04683211146543728,56.025878748956295
378,-0.024245314683661,-0.023013176226109516,56.04725849090977
379,0.0550511415207034,-0.12258770015867951,56.067536558637975
380,0.0105181399414798,-0.09695553231165974,56.08643739237017
381,-0.0275464989669094,-0.07613705863715156,56.10368355760406
382,-0.0778815962573187,-0.0011117172016398003,56.11899331345896
383,0.1625377905209656,0.005374285364434489,56.1320879241146
384,-0.04135614654405,0.19863453635514938,56.14272161018889
385,-0.2040484436365437,0.25334853581518413,56.15069990782137
386,0.2249851814515323,0.6191538174577195,56.15586100109075
387,-0.0029403334477739,0.8448887536476651,56.15805157980012
388,-0.2896222156265123,0.6324904513106181,56.15713176431589
389,0.3229613716413568,0.024064999449141387,56.15297362890951
390,-0.3539705563136285,-0.7914834604345498,56.145454016748175
391,-0.0760124795208894,-1.0584379548421854,56.13445043436307
392,0.3781264902500973,-0.9979668785354534,56.119840388285354
393,-0.3575166572234417,-0.7439847278227624,56.101501385046205
394,0.3129857506430007,-0.39230206029356196,56.07931630965055
395,-0.2528458954160266,-0.3003596335773967,56.05320552899342
396,0.1384109659881063,-0.16160032809139332,56.02318936210329
397,0.0717440223823676,-0.0611930382708087,55.98944901588845
398,-0.0764458912205918,0.12415630133876218,55.95228958988182
399,-0.0032868231968641,0.0912283048748112,55.912058518322056
400,0.0291186080265824,0.10176834448930738,55.869113047484106
401,0.037260666219833,0.13892243370963786,55.823816900070526
402,-0.0453771073369491,0.2688224766051566,55.776554630731795
403,-0.2277698998411235,0.5000482635635916,55.72772163627753
404,0.1920187842810236,0.8802453655126615,55.67773585020632
405,0.2881347357547258,1.0848438734249501,55.627021390820325
406,-0.3148776473471043,0.7388741798290999,55.57600346751801
407,0.079206258972608,0.3956875103608255,55.525106230666566
408,0.1715073771698489,0.35373030385692605,55.47476231897322
409,0.1252695451079233,0.449332688301999,55.42539776659007
410,-0.0921081041153398,0.7146829527544613,55.377425151360875
411,-0.3235507737955901,0.9923072321001889,55.3312435416954
412,-0.4464024943712077,1.1591833101303342,55.28721918424087
413,0.1092955623852515,1.3450694621553572,55.245634975459396
414,-0.5476401522599708,1.3409407511935738,55.20669940106639
415,0.353161141457137,0.4762458572859922,55.17059300125687
416,1.9264224235238565,-1.063915145359559,55.1374927218357
417,-2.2375212159267037,-2.3500542926810013,55.10757550860771
418,2.403732872595013,-2.084751179972828,55.08101830737782
419,1.6615620245644758,-0.7195600885152956,55.05799806395082
420,0.1741566756493356,0.7871516002190593,55.03869172413161
421,-0.7486998238306817,1.725423590105643,55.023276233725035
422,-1.2373406987186193,2.225412160182636,55.01192853853598
423,-1.3197512303697192,2.314925646000448,55.00482558436927
424,-1.1288761553147642,2.1267318382849716,55.0021443170298
425,-0.4491816607269651,1.4451199784045978,55.00406168232237
426,0.692874065853886,0.2963713080941994,55.01075462605192
427,-0.5264297357912627,-1.0959703582319809,55.02240009402325
428,0.2960909880362014,-1.9352626163631514,55.039171628326955
429,0.3634808438484433,-2.0246743066225488,55.06119346277411
430,-0.3577903603135828,-1.3306479944757512,55.088438354789346
431,0.3349092139175689,-0.5357248551295417,55.12081564121197
432,-0.0797505020544374,-0.0784527329126199,55.15820323496706
433,-0.2583536314110084,0.057881113664387474,55.200472517746626
434,0.1986955595164279,0.05380956924078348,55.24749487124278
435,-0.1439145645165185,0.3447728873689354,55.29914167714759
436,0.0763464076539559,0.5683692751929232,55.35528431715312
437,-0.0188962690839174,0.6031020961324698,55.41579417295145
438,-0.0010202789419348,0.52047765270731,55.48054262623462
439,0.0112132982804438,0.4393856430247939,55.549401058694755
440,0.0165107804777676,0.3612483674983319,55.62224085202391
441,-0.089185583251876,0.3902521953377442,55.69893338791414
442,0.2935535806742304,0.4270963712682519,55.77935004805751
443,-0.3863473352574122,0.7729851211112913,55.86336221414612
444,0.4446367386100236,1.534521993517941,55.950841267872036
445,-0.4667152994083476,1.4250564919730135,56.04165880743534
446,0.4542430624678066,0.6200721363181319,56.135684801214055
447,-0.4215857995819139,0.18879444359998054,56.23279135598194
448,0.3859271467527002,0.2811715226807262,56.33290133056658
449,0.0132599959340277,0.5507683828134711,56.43597162125249
450,0.0298215744187698,0.4282100828663089,56.541968342714924
451,0.0017340783199322,0.34737568481248937,56.65089023686758
452,-0.4891666822566296,0.7263736742017332,56.762793008054906
453,0.5249431753100833,1.0973016879465396,56.87775513674338
454,-0.5286391020893576,1.0427630753047952,56.99587602678456
455,0.4230372580394485,0.9596911488918607,57.1172715930687
456,0.2834606823619806,0.9744293785011096,57.24210993913691
457,-0.0394629806254398,1.1688691645378222,57.37059381608762
458,-0.3717127448579928,1.3687810097336095,57.50293173512438
459,-0.0867104495249359,1.047386191586852,57.639324257938085
460,0.3601914997942849,0.3598796309242897,57.77992886928143
461,-0.3377355788682651,-0.5871131235819632,57.92484870245023
462,0.1697954739223385,-1.2439659401925156,58.074170466270175
463,0.108525432366632,-1.3365022351968534,58.22797680283022
464,-0.2174529296059128,-1.168869075657581,58.38632200526349
465,0.1951597809874206,-0.9443484569837653,58.54918867599635
466,0.0526144949272073,-0.9691566847908296,58.716542189863624
467,-0.01567050019634,-1.3426774215038404,58.88834792170018
468,-0.278894215050716,-1.785677031290209,59.06457124634093
469,0.3206017385396433,-2.165782324551385,59.245180586011735
470,0.2425410141987393,-2.272697566701475,59.43015655250274
471,-0.1085305848201989,-2.010953882714887,59.61948446753509
472,-0.4344327698133029,-1.3987235331771626,59.813156302990464
473,0.4381806337185772,-0.4493463270091489,60.011165693290586
474,-0.3419643461406289,0.1284580732834908,60.213506272857146
475,-0.3242952785989745,-0.09587816251000425,60.420173441108986
476,0.3858355061932973,-1.017005163646439,60.63116965745314
477,0.2120280674957368,-2.0585160706768764,60.846488003181136
478,-0.3550054311278564,-2.54104062077495,61.0660460519028
479,0.0339824125283287,-2.3236089057204605,61.28962649319214
480,0.2780086832356652,-1.7949897646280089,61.51698108139235
481,-0.2182588095917368,-1.7796027612549197,61.74786157084665
482,0.1264233411795602,-2.108443057077803,61.98201971589825
483,0.1152084292700374,-2.3344157001604025,62.21920727089037
484,-0.2632613394856549,-2.1959146506805727,62.45917599016623
485,0.3790799289183402,-2.060757556987372,62.70167762806904
486,-0.1174751116402571,-1.828988827301719,62.946463938941974
487,-0.7353568702160591,-1.457930785090951,63.19328765530701
488,0.9845865396567072,-0.9964917598380734,63.44190522018137
489,1.056857093116186,-0.7489624654667191,63.69210537235053
490,1.0948879557735258,-1.0387203288235687,63.94383237305005
491,-1.486816800682203,-1.5903635044093385,64.19718030509154
492,1.5708688878424937,-2.023177604675566,64.45230871683307
493,-1.5632494236204568,-2.096148421422622,64.70939784504307
494,1.45391667460524,-1.6825475682216493,64.9686308936164
495,1.0397056853181628,-1.27989675176604,65.23019106644787
496,0.4045978638197772,-0.9288594312521046,65.49426156743233
497,-0.7510686062310442,-0.7399569942335451,65.76102560046459
498,0.5116450062426504,-0.5423113756821936,66.03066636943956
499,-0.200337077721723,-0.10303000053024808,66.30336707825198
500,0.0548786728922975,0.36581039631096623,66.57931093079675
501,-0.2066387292188208,1.2779575982501166,66.85868113096869
502,0.2622334163601971,2.116105700977162,67.14166088266265
503,0.3536826308544167,2.117883979372154,67.42843338977343
504,-0.6336835026117584,1.2445016464158591,67.71918185619589
505,0.9384095075546433,1.1175010066204658,68.01408948582488
506,-0.7815810762368296,2.468241593681581,68.31333948255524
507,-1.6705557478539674,3.1534840722909334,68.61707167556303
508,1.981942649378736,1.9428239203398778,68.9252334302814
509,-2.1697831259707603,0.43217191529904553,69.2376112106717
510,2.1824251260391194,0.9937690272571819,69.5538058467037
511,2.0901246420836603,2.796498856850146,69.8733765010662
512,-1.8714590660480992,3.9755767296001028,70.195882336448
513,-0.6112435321952633,3.1503610166573237,70.52088251553795
514,1.3977426797237311,1.2843211192513877,70.8479362010249
515,-1.2396024053278027,-0.7569917465634743,71.1765941518913
516,0.0733357349900971,-2.5396944507957504,71.50635871580566
517,0.7009877157964246,-3.7476738941515713,71.83668617835517
518,1.0173349896258714,-4.754439128585686,72.16710413895983
519,1.261562644954166,-5.348724369574236,72.49716172462007
520,-1.3301449379686696,-5.286263124367723,72.82640806233637
521,1.2506438951425285,-4.465036174251663,73.15439227910915
522,1.1404098890382524,-3.341073390977048,73.48066350193879
523,0.8358954264882982,-2.420671152842682,73.80477572635438
524,0.4739213733021375,-1.8502630796420512,74.1263417063399
525,-0.0852841220987395,-1.5398212307357249,74.44510535283445
526,-0.6644392769193822,-1.2861665862349285,74.76060586315432
527,0.0550883068743688,-1.1168648451303989,75.07177653825605
528,0.349318662628493,-0.9663781852859781,75.37705952265749
529,-0.2467888624532991,-0.8280154598677949,75.6748043223211
530,0.1970181508854607,-1.0303785940946315,75.96336044320917
531,-0.1973053005117782,-1.4037720907723825,76.24107739128416
532,0.1570020117895533,-1.6033066842980088,76.50630467250846
533,0.301747297968674,-1.719139090813162,76.7573917928445
534,-0.3803862158175005,-1.7323020424371354,76.99268825825463
535,0.4610683592488696,-1.6116119339501216,77.21054357470126
536,0.0738855840870574,-1.353192832233871,77.40930724814682
537,-0.6009789649000457,-0.9463498196535847,77.58732878455365
538,-0.4287850035420586,-0.32417268634214264,77.7429576898842
539,0.6536554426622557,0.5618010872369039,77.87454347010085
540,-0.636156864853731,1.4157212336877185,77.98043563116602
541,0.5823761709156003,2.0986401500423515,78.05898367904204
542,-0.4990182969461541,2.5604811772547733,78.10853711969139
543,0.4042344022871697,2.7983201386364116,78.12744545907643
544,0.0641918328069863,3.091749964033474,78.11405820315953
545,-0.2128773806525197,3.296043014246394,78.06683436640613
546,-0.1167373537514501,3.3518299422612423,77.98490741149023
547,0.2583489170207336,3.543185116602942,77.86846596637633
548,-0.0526686974225664,3.7645038697663282,77.71816482765625
549,-0.3767241215436907,3.930960730403925,77.53576339113978
550,0.2836606529669211,3.6523462139815055,77.32399313305157
551,0.551257745607096,3.062971143280593,77.08577111111231
552,-0.5965135582313937,2.4824991751886794,76.82401438304271
553,0.6138198300695595,2.404540163367006,76.54164000656344
554,-0.6095217013549992,2.417956661959806,76.24156503939517
555,-0.2374116651899583,1.840705125931296,75.92670653925866
556,0.5374656459796654,0.7725527901457853,75.59998156387455
557,-0.4649516940505271,-0.07935547691299391,75.26430717096352
558,0.3804158055421615,-0.10301622378850805,74.92260041824635
559,-0.3103422917618045,0.13256392831815655,74.57777836344366
560,0.0383848018749151,-0.32114286615103727,74.23275806427613
561,0.2695911701118025,-1.330047748576316,73.89045657846452
562,-0.3403599012090522,-2.0734566772323353,73.5538165784414
563,0.4329387782600539,-1.8489524020444326,73.2260136237844
564,-0.5393817332948933,-0.6714235529181435,72.91080528621305
565,0.6153334402706031,0.0824351510534021,72.61223140867598
566,-0.6164351869099453,-0.187941733413718,72.33437692032366
567,0.4065172197009269,-0.017678033534373902,72.08116081383343
568,0.2523046152645379,0.40131807219160875,71.85637731254386
569,0.3240323073589676,0.5323137200866183,71.66365397255443
570,-0.1801266058228756,0.3436272079544313,71.50649939786845
571,0.1759502637412652,0.4760867521471934,71.38796298411154
572,-0.2648245850464866,0.7952870664915226,71.30953751855496
573,-0.0980073079990536,0.9391111710033787,71.26889613699566
574,0.6657916407504151,0.771416518788226,71.26279184046138
575,-0.8272670147932343,0.4892893848134613,71.28797762997976
576,-1.0924113896963434,0.2012048831178039,71.34120650657854
577,-0.8926136190358863,0.0033821477504833164,71.4192314712854
578,1.3155776586810477,-0.2343960689497467,71.5188184102687
579,1.2395146471303706,-1.1763498569144977,71.63683520978414
580,0.7639816061458888,-2.32439319386843,71.77041158772253
581,-1.1458942942165151,-2.8610533203205506,71.91694761453707
582,0.9305842129982964,-2.294613964554527,72.07402975155622
583,-0.44787519149984,-1.4114787872804921,72.23935397878033
584,-0.2415564335253529,-1.3591704096083814,72.41072684313374
585,0.6334368969707159,-1.8894160690767876,72.58597917210608
586,1.028175097426002,-2.361116890612828,72.76294179318684
587,0.9586006372162102,-2.5480461710818707,72.93944553386564
588,0.5399785188965566,-2.043299740528579,73.11332122163203
589,-0.1836609763807871,-0.8587387075948285,73.28239968397561
590,-1.6646527666566011,0.9201410182707246,73.44451174838588
591,1.0744719342462248,3.148039823401257,73.59748824235251
592,1.7090947676771089,5.1917452389579015,73.73915999336498
593,0.7498587419411622,6.3727834291458985,73.86735782891293
594,-0.7266795135413786,6.586766937055516,73.97991257648587
595,-1.2739806292590234,6.169325565685593,74.07465506357343
596,-0.0859132357606684,5.276404831113904,74.14950840464677
597,0.8630922655438216,4.353517436580441,74.20339029787576
598,-0.712556232975752,3.2847703355801,74.23778589739564
599,0.5515003229346548,2.003800180369047,74.25469949669629
600,0.3524347266929938,0.3814564581437736,74.25610881516323
601,0.4392573935266609,-1.3232489657086548,74.24399157218198
602,-0.6592213934657112,-2.5611040936724114,74.22032548713813
603,-0.3629573113300736,-2.8141309680870195,74.1870882794171
604,0.683456735834452,-2.4997144042389507,74.1462576684045
605,0.2263693701009701,-1.9861807435867707,74.0998113734858
606,-0.054939822509367,-1.6547872915372328,74.0497271140466
607,-0.1611068430838929,-1.5068757663884753,73.99798260947236
608,-0.3863365669787161,-1.5602190121699255,73.94655557914864
609,-0.1925713912827867,-1.7048523511781775,73.89742374246097
610,0.0922092047731811,-1.9447740235680124,73.85256481879483
611,0.4657552868314242,-2.2897118143672253,73.81395652753581
612,-0.6952401639784513,-2.418336424090911,73.78357658806937
613,0.3922912575368352,-1.9756939773179223,73.76340271978108
614,0.1866122271157277,-1.1320248691722148,73.75541264205648
615,-0.2404729435969546,-0.7110387357554839,73.76151167935244
616,0.6492243091228084,-1.5624864220875523,73.78326211296474
617,0.4251126223781377,-2.8169246575844005,73.82181203520628
618,-0.6631149027786906,-3.5446294110913192,73.87774431387001
619,0.6164441226256889,-2.697957999106336,73.95151387648065
620,-0.5324948041440329,-1.2410808464187624,74.04357565056279
621,0.4466953156656678,-0.07107987930678306,74.1543845636411
622,-0.0276046614280062,0.6032091181877869,74.28439554324022
623,-0.0560996389418015,0.4820361220569967,74.4340635168848
624,0.0837869736993717,-0.017630385798891646,74.60384341209952
625,0.1725981876499143,-0.29678834405886334,74.79419015640894
626,-0.5124420158738205,0.1768833385360029,75.00555867733782
627,0.4789127535889647,1.6126833440003285,75.23840390241071
628,0.5303075340820335,3.0065117067656795,75.49318075915228
629,0.0223721307681228,3.5372836941446573,75.77034417508722
630,-0.6411992036460494,2.9008501259059023,76.07034907774013
631,0.6947668656379816,2.1515827397263076,76.39365039463571
632,-0.1264907173398357,2.5157876640412686,76.74070305329856
633,-0.8038517047021865,3.1618897234488763,77.11196198125332
634,0.7737920498928668,3.358325844082458,77.50788210602467
635,-0.6575216197157258,2.3987262149040522,77.92879540481168
636,0.5151130016578104,2.060418828093769,78.37446817024842
637,-0.4582425317084582,2.5839943201158717,78.84424821159259
638,0.4527623585265537,2.670009092454624,79.33722854901882
639,0.5670388546435512,2.8511825659365426,79.85177857941991
640,-0.3742294417305874,3.3181426478623077,80.38608679386826
641,-1.450185054019377,3.6118433705830126,80.93834168343636
642,0.641750692738473,3.4215175680649903,81.50673173919654
643,1.8501500263054484,2.010404521473348,82.0894454522212
644,-1.8250637467973807,-0.8196075667854084,82.68467131358278
645,-0.1212384624846657,-3.169359351869012,83.29059781435367
646,0.231165047643973,-3.63657849325027,83.9054134456063
647,-1.1459066564253306,-2.3814000419877086,84.52730669841304
648,0.9641175154287446,-1.2385835792750641,85.15446606384631
649,-0.5530787873581132,-1.402037166501512,85.78511595385962
650,-0.6076983167138278,-1.979948577647917,86.41764689436174
651,0.6104239632978337,-2.240999017165568,87.05057505386773
652,-0.5870203190715804,-1.1354187122522994,87.68243903132388
653,0.5959733313479735,0.7322492429756111,88.31177742567641
654,-0.6227604494057832,1.6856080346207096,88.93715241478506
655,-0.1247650697288297,1.2275445775653164,89.55722049216352
656,0.7362597360339751,-0.24694896972234748,90.17068923368836
657,-0.8422366802480613,-2.0840819199362834,90.77631860018433
658,0.0539750790530529,-3.756632967595157,91.37265788854211
659,0.5811782044410975,-4.919346363302462,91.95816815886137
660,1.293158258485542,-5.474461077742064,92.53130281925652
661,-1.4080738097528929,-5.312441468089015,93.09051527784193
662,-1.379440443438889,-4.35481849929298,93.63425894273189
663,1.370003897397031,-3.6909911194378404,94.16098722204082
664,1.3890447520586902,-3.728198275941777,94.6691535238831
665,-1.205152856455216,-4.382058399917829,95.15721125637305
666,-0.3496245870099398,-4.69398924061509,95.62361382762504
667,0.6945418804679923,-4.141356526221378,96.0668146457534
668,0.4674180322820756,-2.56268515115465,96.48526711887257
669,-0.4517061537466584,-0.1657185013502206,96.87742465509689
670,0.384916565051446,1.9733427724078672,97.24174066254068
671,-0.3618565941387392,3.37518804482041,97.57666854931833
672,0.3362587834235355,4.1930794930322355,97.88066172354422
673,-0.2821261809984763,4.619952587665776,98.15217359333269
674,0.2176164763064934,4.862725956895426,98.38965756679808
675,-0.1936235291069622,4.602056477052138,98.59156705205484
676,0.2569622845926606,3.9864393675783494,98.756598347829
677,-0.4086307687531464,3.194021851197803,98.88460891755534
678,0.5879102805967731,1.525553306267511,98.97653641313572
679,-0.7063610890883725,-0.237462554884869,99.03382364397324
680,0.7150230570410393,-0.7730153653220331,99.05799230828097
681,-0.6468350789380932,-1.4037290253340484,99.05056410427213
682,0.5887389030662318,-1.7617996332259578,99.01306073015974
683,-0.6059421125719779,-0.9210617715848701,98.94700388415684
684,0.6246062281537961,-0.08852149263045436,98.85391526447667
685,0.82063262033833,-0.025949189670611703,98.73531656933228
686,-0.9310455105626638,-0.3416839863740845,98.59272949693673
687,-0.8195418340705511,0.11186608856736169,98.4276757455032
688,1.0648139047693197,0.9535090819859362,98.24167701324475
689,-1.1123987203704582,1.5861437219960146,98.03625499837446
690,-0.0257055656651147,1.1827741665596454,97.81293139910548
691,1.1826153484416448,0.07414920998107621,97.57323544157728
692,0.9745531463503462,-1.1233228654333418,97.318769719083
693,0.0813878882001026,-2.022717866230032,97.05132997802993
694,-0.5299632189858346,-2.4028424148690095,96.77280563385484
695,-1.0282138372279543,-2.22688486816201,96.48509870538996
696,0.8508319611486118,-1.3309431726160041,96.19011121146738
697,-0.6617321595073264,-0.9980140080894482,95.88974616759677
698,0.5723881389917068,-0.15829849481286956,95.58591035582116
699,-0.6707854729116329,0.8202732722726638,95.28051220063898
700,0.922803190484367,0.17173099043765833,94.97546581907798
701,-1.1805300485697907,-0.6620815206645504,94.67261156923435
702,1.3006087744612638,0.49594333025617415,94.37344789528257
703,0.7269610987883616,1.6738148551361183,94.07922404607554
704,-1.0841074300862894,1.9629757091492113,93.79113172093709
705,-0.1968533075147121,1.3566485114304523,93.51020479608425
706,0.7165308255934045,0.5464621973195504,93.23700697708703
707,-0.2322055470637331,-0.029579644479281023,92.971785191543
708,-0.6673265446527415,-0.6373078502044027,92.71463439485714
709,0.7124581823518649,-1.748081496878773,92.46562331452691
710,1.1096573726099244,-2.254478050659789,92.22482067804987
711,-1.4616516338143817,-1.6506435791090643,91.99229521292344
712,1.6537939742650247,-0.5519096209101049,91.76811564664509
713,0.884051898106869,-0.3064025351189193,91.55235063701205
714,0.0462584393488893,-0.7313281628626821,91.34506972351379
715,-1.6001403700918824,-1.1662071363494104,91.14634750644129
716,1.4349320676491897,-1.0611936845445746,90.95626161689539
717,0.4420292097451594,-0.4169184195379643,90.7748892097928
718,-0.0301545013886557,0.22785047755407917,90.60230402383458
719,-0.260761746159182,0.43218861990169166,90.43857312625748
720,-0.1494385893315861,0.4956877158722107,90.28375087345937
721,0.2489802512966372,0.4831268075395039,90.13789294116387
722,0.2474811516419258,0.5714371741607227,90.00108167419734
723,-0.6329715695695319,0.6395564857486906,89.87341508382084
724,0.6465154785203632,-0.22156888472169722,89.75505340620134
725,-0.6427276235944158,-1.9534937178141363,89.64622134140853
726,0.6244524647427249,-2.601608358700548,89.54715589395784
727,-0.5613446143828383,-2.036675420325622,89.45802003470845
728,-0.4771555852777155,-1.4018325506950626,89.37898813597279
729,0.5194069265283893,-1.2196498540718788,89.31024292754348
730,0.6635156657110092,-0.8054828049241686,89.25196713921315
731,-0.6902784613343316,-0.11406503944020699,89.20434350077454
732,0.6416403932174474,1.1308048647623037,89.16755474202024
733,-0.5471156249677077,1.8653320322247469,89.14178359274295
734,0.3229457045078356,2.149841512756839,89.12721278273531
735,0.2313030234981225,2.24467193471186,89.12402504179
736,-0.2566882878412694,2.334285188141556,89.1324030996997
737,0.2305467486922475,1.8169235650507085,89.15252968625704
738,-0.1945305855166714,1.1799430542620168,89.18458753125466
739,-0.2662491479306662,1.1674897834454017,89.22875936448527
740,0.3103947954493423,1.8543772888091414,89.28522791574152
741,-0.0440626479052854,2.5598867330892374,89.35417591481605
742,-0.4050746814148573,2.729206406458677,89.43586827495619
743,0.4549579645281445,1.9441280288967187,89.53091400657516
744,-0.4922224394948571,1.4222658354839846,89.63995660401088
745,0.5066407377615765,1.5602271093568747,89.76313215288155
746,-0.4439614800513065,1.5738385357254119,89.90012294432589
747,-0.2937620580721304,1.3332369489797282,90.0505251090924
748,-0.4493550580238721,1.2354202800942817,90.21393477792961
749,-0.0078240029778909,0.9078759213918255,90.38994808158607
750,0.8076034217531018,0.4142354274366578,90.57816115081025
751,0.936859864936976,-0.38502998128770005,90.77817011635074
752,-1.2043004239909636,-1.255270684965069,90.98957110895603
753,-0.422338376118504,-1.5696218832561954,91.21196025937469
754,-0.7029776767228431,-1.141956021632362,91.4449336983552
755,-0.5169997070949325,-0.7610876097887139,91.68808731688364
756,1.415625582105325,-1.016639843879426,91.9410142617741
757,-1.2904188050527676,-1.8728814945376326,92.20330029959041
758,-0.7421464405444764,-1.96238297122987,92.47452941177434
759,0.7595769596602111,-1.243862539427972,92.75428557976775
760,-0.2558352557497315,-0.36631752926267747,93.04215278501242
761,0.0848357457392238,-0.35255075468944086,93.3377150089502
762,0.2361167464768776,-0.7566729794998075,93.64055623302292
763,-0.4711691664584761,-0.9690938146822117,93.9502629811407
764,0.0695950381092699,-1.2060370687868693,94.2664420306776
765,0.5137963729797452,-2.262539408818136,94.58874303583839
766,-0.4824078634724471,-4.454417870945864,94.91682573441831
767,0.4617479767460841,-5.962103625509624,95.25035564876353
768,-0.5071616699393049,-5.161852824371788,95.58901449431109
769,0.6207769969474638,-3.7531606830874185,95.93238368613996
770,0.3275170123946415,-3.5172316792387037,96.27971466684407
771,-0.9528605971103684,-3.8072807393264525,96.63014133643682
772,1.1449436224858425,-3.1877314078874313,96.9827877854016
773,-1.3482573763160115,-0.7685207279057942,97.33677810422182
774,1.5420388837283892,1.1367247328907073,97.69123638338091
775,-1.6833091146300925,0.6780224012677845,98.04528671336232
776,1.7416899966423365,0.07025681870829414,98.39805318464937
777,-0.0476250278769357,0.4589651401513468,98.74865988772558
778,-1.0650213232109835,1.4487904101366837,99.0962309130743
779,-1.509267557927869,2.099377206748831,99.43989035117902
780,-0.7235960507719221,2.04483375824884,99.77876229252308
781,1.1999234941057115,1.588105678304386,100.11197082758989
782,-1.0304309098668536,1.5417908630038792,100.43864004686299
783,0.8468080805426678,1.8852978786316779,100.75789404082565
784,0.0286992682252578,1.9324438318134034,101.06885689996133
785,-0.4576787469722905,1.7570260322187876,101.3706527147535
786,0.2334990281784212,1.5240953961360486,101.66240557568554
787,-0.1686155441622474,1.73537597092141,101.94323957324085
788,0.1183834095997523,1.8093377924973937,102.21227879790285
789,-0.0844606687029336,1.7458133285479778,102.46864734015496
790,-0.0208094122887288,1.4093401218080377,102.71146929048068
791,-0.0740325710232407,1.174163831659971,102.93986873936329
792,0.2506493326375518,0.8463808900761884,103.15296977728626
793,-0.2396980513256743,0.3298015565926462,103.34989649473304
794,-0.2828619296406626,0.13309003646998652,103.52977189317068
795,0.3017263424682331,0.1865601522995164,103.69171350523226
796,-0.224888898962359,0.4000081597596745,103.8348807392027
797,-0.1128921552680557,0.584153163665095,103.95873899160296
798,-0.0597598401405959,0.7064845498468131,104.06327529029379
799,0.0410043116718596,0.8403478371268707,104.14864785120128
800,0.0417868525310999,0.9730351277278828,104.21517801974102
801,0.1256866543985356,1.0110299835730088,104.26328336202846
802,-0.1581722773411461,0.8947757520446795,104.29339652529647
803,0.1841483384300904,0.9399015047921169,104.30595015677778
804,-0.2036773684089748,1.042300464703688,104.30137690370529
805,0.2113162675874587,1.1585743191008504,104.28010941331169
806,-0.1081002441311668,0.9555199113012772,104.24258033282989
807,-0.132725407228451,0.7235030977358272,104.18922230949264
808,-0.1210500216155359,0.6205820310827855,104.12046799053277
809,0.2063319524343455,0.6569180243826402,104.03675002318302
810,0.0927397407780463,0.8287592045456839,103.93850105467627
811,-0.2354321111656843,1.1192783789203704,103.82615373224532
812,0.1824190866330593,0.897440210244011,103.70014070312293
813,0.2316974221590179,0.34740796329904333,103.56089461454195
814,-0.2342732629818706,-0.3245748507532817,103.40884811373513
815,0.2267128216952443,-0.5611466696305808,103.24443384793533
816,-0.2218350869449162,-0.5262493774304461,103.06808446437535
817,0.1472034775439767,-0.6474360878319312,102.88023261028796
818,0.1743488745158297,-1.065659807421829,102.68131093290602
819,-0.2197495521546148,-1.492002527307669,102.47175207946228
820,0.0965096015234295,-1.6484982987129961,102.25198869718957
821,0.1022303533778605,-1.2246837866985154,102.02245343332068
822,-0.1760093187814141,-0.667569616307063,101.78357893508847
823,0.3734489093523556,-0.18926931516246115,101.53582040581009
824,0.4030788923066679,-0.012824094841105249,101.27974520253443
825,0.1108488028048259,0.08311249541450816,101.01603870178064
826,-0.7734464091641242,-0.07199278354092986,100.74543919270506
827,0.8662777837854073,-0.5949792876313812,100.46870150384596
828,-0.904304173442774,-1.1223246285599924,100.18662880200276
829,-0.7632996610617431,-1.6467933535520332,99.90009301461376
830,-0.3531435173012048,-1.7368781751235534,99.61002169242475
831,0.3040220449589737,-1.6714250092544376,99.31740296429547
832,0.6741499459273136,-1.3673904745283112,99.02324052860101
833,0.7181277708950585,-0.9866649971033925,98.72853722620832
834,0.3203855403479342,-0.5246606659493644,98.43427512560143
835,-0.0547820264778956,-0.14662146552475208,98.14140349200267
836,-0.1702036382451193,0.11937623226309091,97.85082740598202
837,-0.0713618506977078,0.24792799764823764,97.56343385304946
838,-0.0232887087836512,0.4531731481237979,97.28011556065984
839,-0.1374897450033396,0.625720090204533,97.0017696547988
840,-0.5448867160154393,0.8255897246553987,96.72929699136006
841,-0.607992372887103,0.9044337895139464,96.46355858337316
842,-0.1086435132361167,0.6033572293308056,96.20528628390531
843,0.7082232833472247,0.036774625249215015,95.95500209140357
844,-0.6731607963494449,-0.7898952893511679,95.71305608570063
845,-0.0415880500590508,-1.21805380854981,95.47964185860884
846,0.5049131969383625,-1.2897845016658684,95.25487130472752
847,0.2116265546660042,-0.7804399780782529,95.03881342341225
848,-0.3140835594785777,-0.04735499483959858,94.83143855431817
849,-0.0441582445433933,0.36149353967302955,94.63266470487035
850,-0.1451073554857451,0.6527270081318163,94.44238034735392
851,0.2186323693819054,0.47097695705548454,94.26039067356261
852,-0.1795470820497424,-0.056872988476048804,94.08642007052578
853,-0.1484571805721225,-0.4216980087422346,93.92015518931436
854,0.097204911125372,-0.5083989390334611,93.76119402790808
855,0.074148283853725,-0.333108146577242,93.60895986272351
856,0.0495654706255135,-0.08232747193893289,93.46276200131344
857,-0.0207443376400996,0.1289225068146986,93.32182183082541
858,0.1147034154123483,0.1299918748551952,93.18530470973245
859,-0.12791926276145,0.005572548529675099,93.0523467142318
860,-0.0652183016060088,0.07314269112942709,92.9220756104766
861,0.032709123071503,0.10368308000212317,92.7936077969264
862,0.1515605777981301,0.11240794020639935,92.66603148199549
863,-0.2475771192568609,-0.07070205981362848,92.5382791790705
864,0.3075322523763113,-0.3766245083231526,92.40909225594685
865,-0.3749009219902185,-0.7621894545200358,92.27709037651024
866,-0.082657150567351,-0.9181534902499453,92.1408106408173
867,0.2518435053512144,-1.080604531382266,91.99876102603105
868,0.5422159677489587,-1.1516537355228413,91.84943776777388
869,0.0122751627732527,-1.223662250815227,91.69138708804198
870,-0.4806860678629104,-1.1426852536944783,91.52337132155739
871,-0.5030477175115978,-0.951467938829392,91.34451565634099
872,0.4256326956204219,-0.7499794475422292,91.15434675192179
873,-0.3365471927114019,-0.8661643928038552,90.95271158551526
874,0.0555776936958808,-1.0453044114033694,90.7397267177075
875,-0.0684255535582306,-0.887192936551731,90.51561849010997
876,0.2620418009131439,-0.7326786275547115,90.28063682664157
877,-0.1937539230652093,-0.5912834865451952,90.03503740961041
878,-0.3451935854461747,-0.3138832324714419,89.77907681791761
879,0.2308261835936632,-0.12383781405800276,89.51301163046435
880,0.4797252894068462,-0.09682371555860703,89.23709842615179
881,0.3585503219501825,-0.44014410583115976,88.95159378388098
882,0.3756278658836999,-0.9123821484368781,88.65675428255318
883,-0.6369607363144235,-1.1158757647550517,88.35283650106948
884,0.4433159370165401,-0.4434129553475849,88.04009701833107
885,0.5254892182343939,0.2957183685265913,87.71879241323902
886,-0.3382861233175687,0.8191068586230053,87.38917926469456
887,-0.1520802458088834,0.9705660942100811,87.05151415159881
888,-0.0153634209219868,1.1793097680690647,86.70605365285292
889,-0.1257011477518124,1.5626468003938023,86.35305434735801
890,-0.2182700071706995,2.005497193155377,85.99277281401532
891,0.1490012138684238,1.9655331544056895,85.62546563172589
892,0.3839886317782345,1.5646219888308723,85.2513893793909
893,-0.394065357872262,1.273264721960763,84.8708006359115
894,0.2448206047000527,1.4012234151110725,84.48395598018887
895,0.1165033850619972,1.9223846238138533,84.09111199112415
896,0.2103842106445308,2.227090541737012,83.69252524761846
897,-0.169843927968416,2.391391599395473,83.28845232857294
898,0.0327772493788797,2.5180736798071326,82.879149070814
899,0.0745140795561397,2.860607657905547,82.46487826253832
900,0.0636715168304812,3.3103691833719013,82.04595929979762
901,-0.0005543794663073,3.8777305851839676,81.62282379428233
902,-0.1949747678252759,4.498874628695987,81.19610013912929
903,-0.0630907113685004,4.696431707555787,80.76665900381272
904,0.4503530247781024,4.534223251071369,80.33542372415053
905,-0.5492603677831485,4.305942731822532,79.9033176359606
906,0.0565051536938951,4.132230771245213,79.47126407506089
907,0.6631022579945222,3.7967113647362174,79.04018637726925
908,-0.6536290569584372,3.1426211785548306,78.61100787840361
909,0.0499854260294512,2.145362659688659,78.18465191428189
910,0.5271297860317433,0.9908283932462745,77.76204182072198
911,-0.4554706005300765,-0.03863033301172747,77.3441009335418
912,0.2872548356106678,-0.3190074241698906,76.93175258855922
913,-0.2593502482491812,-0.24656987334300273,76.52592012159216
914,0.4557127144452058,-0.8232395829038145,76.12752686845862
915,-0.5028258103988914,-2.0646703545774607,75.73749616497635
916,0.5320142216388309,-2.8987655686021734,75.35675134696334
917,-0.5281641881994432,-2.9980515620380754,74.9862157502375
918,-0.2647824572539054,-3.012030253362821,74.62681271061672
919,-0.14097369523946,-2.8384918686794514,74.2794655639189
920,0.4382587905843687,-3.033356436546333,73.94509764596195
921,-0.3743183742222439,-3.3903139183415556,73.6246322925638
922,0.2629616629950915,-3.4419545025374143,73.31899283954232
923,-0.0967868691908721,-2.792315753524562,73.02910262271544
924,-0.0012701060902893,-2.3946148718107616,72.75588497790105
925,0.0267396848567899,-2.127002925773886,72.50026324091709
926,-0.0007731445765476,-1.8423876030048747,72.26316074758142
927,-0.0336919558313809,-1.6817738048133548,72.04546576064473
928,-0.0150929226632721,-1.4927844437953204,71.8478773664586
929,0.0614017954573244,-1.422127558120244,71.67072576266293
930,-0.0546765740864994,-1.5490108294239797,71.51368740351046
931,0.0401535660651382,-2.0062446976864257,71.3760911316213
932,-0.0468952493562529,-2.380317857158596,71.25721310651485
933,-0.109727359749894,-2.586633788552528,71.15636114830241
934,0.1034181175486868,-2.726269700157585,71.0728515826089
935,-0.1252249449070161,-2.6707757901522893,71.0060007350593
936,0.1726750549065976,-2.6677999861851363,70.95512493127852
937,-0.0054383311860541,-2.574102165705478,70.91954049689153
938,-0.1572695826950194,-2.741294174828272,70.8985637575233
939,-0.0849477251371249,-3.0865633136616406,70.89151103879877
940,0.199099352319253,-3.196798018662118,70.89769866634288
941,-0.3090925988636407,-2.9273503669169334,70.91644296578059
942,-0.8739099668652192,-2.403150295871623,70.94706026273684
943,-0.4707654969720111,-2.038101385864602,70.98886688283662
944,1.12947532541087,-1.7806544771157375,71.04117915170485
945,1.241325164727312,-1.3846385596938275,71.1033133949665
946,-1.237267778662899,-0.9073181595836088,71.1745859382465
947,1.092415115768367,0.3332717770618201,71.25431310716984
948,0.0964212850697474,1.3617674875688235,71.34181122736142
949,0.2519071684738321,1.751696207079909,71.43639662444626
950,-0.5347397541587289,2.0073541301094937,71.53738562404925
951,-0.240930211829177,2.3168356600338296,71.64409455179535
952,-0.4661890305808259,3.030349297271269,71.75583973330956
953,0.1397336050098002,3.9583289007734246,71.87193749421678
954,0.1305356031507092,4.447760236707303,71.99170416014199
955,0.349917558990502,4.07562638429937,72.11445605671014
956,-0.0919695630826397,2.8724610800291965,72.23950848305344
957,0.2079816364461242,1.7058572747962395,72.36616108875765
958,-0.3404229848826791,0.9567611117624031,72.49366187312027
959,0.2264516624259207,1.1823295672293777,72.62121877034471
960,-0.2309082337490785,1.5629237622724577,72.74798447147663
961,0.2782865498446004,1.628648905817694,72.87306454433771
962,-0.2684556907281791,1.4929254421846603,72.99553024854352
963,-0.1375524700995837,1.1931332350801183,73.11441923501948
964,0.331223931232726,0.7400141158120657,73.2287619529552
965,-0.3160610383760632,0.18847218683570033,73.33758885154035
966,-0.1541103273051909,-0.1958182460611101,73.4399285733663
967,0.2346321184804596,-0.3894353230583465,73.53480320457788
968,-0.0201634948376636,-0.6210722096694627,73.62123570450713
969,0.0550850345211755,-0.8133324906485186,73.69824745612736
970,-0.0764103192854266,-0.868437820717028,73.76484814000244
971,0.0196318867210919,-0.7196662083559227,73.82003432163485
972,-0.0901331658068056,-0.4726635488622577,73.86279671466907
973,0.1077987950393572,-0.1899094771216917,73.89211068208235
974,-0.1001119510589424,0.03317474684273214,73.90693720421622
975,-0.0053387275046922,-0.20090401089967586,73.90624273840437
976,0.0071269807415437,-0.23617593161997347,73.88904895087842
977,-0.191184719838639,-0.3433108457495819,73.85449556558822
978,0.2671519980668621,-0.5889959119690475,73.80184391390219
979,-0.2763626362148013,-0.9740731060037395,73.73043574221856
980,-0.0783188830965901,-1.1313663511356267,73.63968523423222
981,0.2205763764106474,-1.1297374169976648,73.52916104058703
982,0.0154466561832392,-1.0339361277115808,73.39848947152832
983,-0.1137224001132229,-0.9436749404445401,73.24739734055777
984,-0.0916600731797495,-0.8641586702638101,73.07581874344356
985,0.0162595115852487,-0.8101732562703928,72.88391374468515
986,0.190492156809817,-0.8624339884960649,72.67194183168625
987,-0.1283039383471693,-0.7919229041628449,72.44022684251001
988,-0.2079759732651418,-0.571136337899896,72.18911231116502
989,0.1970244494648846,-0.39597844873304816,71.91895399926817
990,0.1720760370083716,-0.23220254175106542,71.63012650474269
991,-0.2143984516799995,-0.2486539604586156,71.32305241213861
992,0.1600246999679619,-0.23829059142578893,70.99826589145782
993,0.085298615448833,-0.1717288359725442,70.6564302205237
994,-0.0895845997749607,0.15134849908843,70.29823610068652
995,-0.1004892443821766,0.47611501108547893,69.9243742332967
996,0.1412204697102203,0.6632398345295026,69.53553969576029
997,-0.1247258680642036,0.6822297828385413,69.13249608522567
998,0.0983131152475003,0.9054307319933814,68.71625615275912
999,-0.0619432851956391,1.2238915619519342,68.28805172324371
1000,-0.1084587350152132,1.5592826170429728,67.84917611797223
1001,0.1892947756461156,1.819773329668008,67.40093189468587
1002,-0.233595879258031,2.0389704913263644,66.94462538793167
1003,0.1587647750007725,2.119721974659531,66.48151325033972
1004,0.2960054881461518,1.6411714447074661,66.01282306714637
1005,-0.1549703696485934,0.7951921158182211,65.53977825383039
1006,-0.2803552334958438,-0.04324699237462626,65.06360222587047
1007,0.2882185090520679,-0.42373690779732465,64.58551839874525
1008,-0.2560512596540327,-0.3006989282794286,64.10675018793346
1009,0.2190674710816403,-0.5675884799954515,63.62852100891381
1010,-0.1835417781367483,-0.8985124990282339,63.15205427716499
1011,-0.0214652400285334,-1.237108168137123,62.67857340816567
1012,0.0242680892161728,-1.3235699066107522,62.209301817394575
1013,0.097714650929306,-1.263177571259681,61.74546292033038
1014,0.2003208064288509,-1.1586009388806695,61.28828013245182
1015,-0.2704220894368805,-0.8885547798006412,60.83897686923753
1016,-0.242939966109067,-0.7358365800572035,60.398776546166275
1017,0.5287117965092138,-0.6676143752258967,59.96890257871668
1018,-0.6074556144988715,-0.433122767868632,59.550578382367505
1019,0.6493875089023036,-0.03441488149971916,59.14502737259742
1020,0.1039890886154397,0.30253794649943955,58.75347296488512
1021,-0.2524380353940517,0.4653013954890688,58.377136639905
1022,-0.606780696967948,0.5596349658021937,58.017145731165755
1023,0.5431356426440539,0.5825893263066813,57.67427503104927
1024,0.3970436979849889,0.48383345644350184,57.349122845571515
1025,-0.0928771778471814,0.20086262947952127,57.04201454836766
1026,-0.5164750067931767,-0.416784526840394,56.75325953363357
1027,0.4035833874019152,-1.4667921468316374,56.48320875942972
1028,0.4066210086955916,-2.6489052625835243,56.232284253887926
1029,-0.2237723237462667,-3.567134249069369,56.00090657281564
1030,-0.5428647092745705,-3.9065146410354092,55.789379350309986
1031,0.3473782238394312,-3.355354444062993,55.59797622022357
1032,-0.1934599697376141,-2.273510846671257,55.426970816408875
1033,0.1356060544705555,-1.5422519243503723,55.27664586987982
1034,0.8064815251595437,-1.2538282678478614,55.14734674268831
1035,0.3242236331129852,-1.6537620125745711,55.03953837946158
1036,-0.8648037184806121,-2.358936890289206,54.95374060876983
1037,-0.7675510696248575,-2.882944465276826,54.89049553490169
1038,-0.547615871802298,-3.0526977571660345,54.85031362896833
1039,0.2036639008218081,-3.07735971006371,54.8336958092419
1040,0.7453976277780656,-2.8565491486325194,54.841151520854446
1041,0.4718996839686585,-2.575084490668148,54.8731848066995
1042,-0.5055047968214179,-1.5646055210419743,54.930110317863395
1043,-0.2967769353950905,0.14474313808356554,55.012033797311524
1044,0.3331863083568299,2.3378320980884677,55.1189815935547
1045,-0.3695239918297278,4.158560717398514,55.25096327443121
1046,0.5167972309823892,5.015241028402604,55.40796174061501
1047,0.0708256278102485,5.309256513835292,55.589917858354454
1048,-0.4795473417761657,5.272979967643325,55.79656737413285
1049,-1.2204405067813748,5.363063221418667,56.02737728536271
1050,-1.3168704164474576,5.8652181142637545,56.281652302183694
1051,-1.871220011172041,7.072550829536461,56.55866918163557
1052,1.649252950096527,8.353042369145404,56.85770468075805
1053,1.9467756737697783,8.745188769639348,57.17803555659087
1054,0.0895245180572924,7.661536915768915,57.51893856617379
1055,-0.934651688484447,5.584961221937943,57.87969046654649
1056,-1.3673300594144937,3.26776204466573,58.25956801474876
1057,-0.4951371804234304,1.4372892126031453,58.657847967820295
1058,0.720641879086234,0.41555103811294897,59.07380708280081
1059,-0.0923487953428092,0.23562667861271913,59.506722116730096
1060,-0.0312375676775136,-0.0846322589702947,59.95586982664781
1061,-0.0460005004604402,-0.6245264691333006,60.42052696959374
1062,-0.0038563139828901,-0.9961139886247098,60.8999703026076
1063,-0.0445570892499699,-1.3189194934791764,61.39347658272914
1064,-0.1152604514688603,-1.7250206433856794,61.90028109485454
1065,0.0822746679726785,-2.341714754317681,62.419440086345
1066,-0.1063925469551232,-3.343452173917434,62.949844720872555
1067,0.3018398416956499,-4.891925059966862,63.49008521827122
1068,-0.3124190157983306,-6.316223393824103,64.03864240962244
1069,0.2808215366553757,-6.84477278293226,64.5939512462769
1070,-0.2298892586908789,-7.024765126105371,65.15465438479625
1071,0.1924584006497402,-7.202003011307942,65.71954461065822
1072,-0.1883293858249481,-7.009109947894654,66.2874393337196
1073,0.1076638032469453,-6.314819767084294,66.85715596383734
1074,0.2944055077119661,-5.321917418580288,67.42751191086832
1075,-0.4049095093457768,-4.072415075323616,67.9973245846694
1076,0.5504051077505533,-2.11581650284805,68.5654113950975
1077,-0.7108974334909247,0.47030768148145724,69.13058975200947
1078,0.849982571965824,2.0383403627719385,69.69167706526223
1079,0.1055197639251216,1.996989491362236,70.24749074471264
1080,-0.9991746534864094,1.3223264532688073,70.79684820021761
1081,0.3680780328985498,1.163355125467447,71.33856684163399
1082,1.065773147400752,1.6927627737805142,71.87146407881872
1083,-0.1378536256455549,2.373496304016905,72.39435732162863
1084,-1.26791769554671,2.9918537156260374,72.90606397992066
1085,1.469023637960644,3.095574898487709,73.40540146355166
1086,1.236868634108646,3.481944183512809,73.89118718237854
1087,-1.931537840367612,3.529299294109451,74.36223854625814
1088,0.6785183182227443,2.8140266516050887,74.81745503017217
1089,2.1061737776406684,0.9476959951711283,75.25613022718821
1090,-2.027250480757714,-1.150652745089016,75.67790322584673
1091,1.9225874465612516,0.4948655693461398,76.0825469840926
1092,-1.9258528631605256,3.9557446988249847,76.47010816433554
1093,2.078683298998457,2.0806086314172743,76.84070806958427
1094,-2.26847247708132,-1.9259971829616658,77.19446966004298
1095,2.316172758465227,-1.2476886543810295,77.53151589591582
1096,-2.11993982017539,1.5379700827685294,77.85196973740686
1097,0.1007506323604368,2.7432952229192407,78.15595414472034
1098,1.2244811394484427,2.1219242738143507,78.44359458673719
1099,-0.7722248103422333,0.5372038190620898,78.71502099128014
1100,0.428970942270551,-0.8293144340545604,78.97034349178398
1101,0.2740617761187127,-0.9837284220362743,79.20966664591757
1102,-0.2695634647612492,-0.16353154658834998,79.4330950113496
1103,0.3688456652233341,0.9904216687711381,79.64073266600552
1104,0.112425799875099,1.0548930751993884,79.83268112492553
1105,-0.8319308216299751,-0.4371070500970349,80.009037871727
1106,1.1308015303522037,-2.560730054531959,80.16992852417975
1107,-1.3736812399891478,-2.8019365565137,80.31561779650283
1108,1.461659624676442,-1.3481042665810354,80.4464446419046
1109,0.5421105013365815,-0.6048845862563319,80.56277408491975
1110,-1.1906712762905296,-0.7743165762679436,80.66498785255848
1111,-0.774112586366714,-1.2793471231108569,80.75345970947757
1112,-0.8041690534904327,-1.3242604146409074,80.82842946813133
1113,0.8674594024418011,-0.7578811221076218,80.89042171966582
1114,0.4113499742452194,-0.35139673530850424,80.94004676106329
1115,0.4789127655306037,-0.45682765483667087,80.97791488930608
1116,0.0065212271744873,-0.5111576285509265,81.00463640137643
1117,-0.089168054419412,-0.43165353983730914,81.02082159425672
1118,-0.3376477751959597,-0.1394329897332622,81.02708076492922
1119,-0.5052844577601538,0.18126024738397156,81.02402421037618
1120,0.1765885261555398,0.6611492462644809,81.01226222757998
1121,-0.2669178183082699,1.1245127047854004,80.99240511352286
1122,1.0512707190264357,0.7836661157863676,80.96506316518719
1123,1.289415908310856,-0.22026258786605402,80.9308466795552
1124,-1.2989550045413234,-0.5914185253074629,80.89037352984879
1125,1.1422042987882923,0.46352589501411817,80.84426980619759
1126,-0.269644756448948,1.3065741645764641,80.79307059187248
1127,-0.028461087522028,1.241266463705188,80.73719462381683
1128,-0.1531114238941207,1.0562995682214296,80.6768118556727
1129,0.3736307979203569,0.5944326325940186,80.61193656948562
1130,-0.4540755112589819,0.09152360700463016,80.54255190425437
1131,-0.2247360838444286,-0.08390343278098836,80.46863951662542
1132,0.4375636497661739,-0.027744713011464806,80.3901810632453
1133,-0.0901140422380289,0.0029558414775259084,80.30715820076051
1134,-0.2100812131756211,-0.059471372641993606,80.21955258581761
1135,-0.2407964161031763,-0.1365494589599385,80.12734587506311
1136,0.0190811891798659,-0.1496009143233454,80.03051972514349
1137,0.1640131287465739,-0.1830689214518424,79.92905579270527
1138,-0.0549674199613636,-0.22797612041881019,79.82294354038018
1139,0.0143828498389242,-0.1866176839310205,79.71223483409211
1140,-0.0446709966724422,-0.012507612260011604,79.59717860893245
1141,0.0589489110630493,0.3326824805169943,79.47836860841997
1142,0.018675132309783,0.4945732874563208,79.3567515802339
1143,-0.1115250428756382,0.42792150729276346,79.23360353558286
1144,-0.065213411891578,0.47491373000576137,79.1102996818858
1145,-0.030582629770117,0.5423635001282061,78.9882191296419
1146,0.1557076394266648,0.5156562925947175,78.86863606797861
1147,0.5204515978422499,0.2469086702191432,78.75263973193859
1148,-0.7266949590264038,0.10560038627376868,78.64109457275262
1149,0.2625860765552361,0.1327437766202133,78.53467014682457
1150,1.069877728723949,0.05631462206453819,78.4338076492115
1151,0.6314138114835445,-0.3598068066846009,78.33839299520106
1152,-1.261944436879266,-0.8458724872321419,78.2478169241114
1153,-1.258353281013007,-1.092856789692562,78.16121007070556
