date,fu_close
2005-01-04,1983.0
2005-01-05,2007.0
2005-01-06,1989.0
2005-01-07,2002.0
2005-01-10,2014.0
2005-01-11,2004.0
2005-01-12,2017.0
2005-01-13,2023.0
2005-01-14,2027.0
2005-01-17,2015.0
2005-01-18,2042.0
2005-01-19,2052.0
2005-01-20,2030.0
2005-01-21,2034.0
2005-01-24,2025.0
2005-01-25,2055.0
2005-01-26,2054.0
2005-01-27,2050.0
2005-01-28,2045.0
2005-01-31,2017.0
2005-02-01,2038.0
2005-02-02,2042.0
2005-02-03,2038.0
2005-02-04,2054.0
2005-02-16,2065.0
2005-02-17,2094.0
2005-02-18,2081.0
2005-02-21,2088.0
2005-02-22,2106.0
2005-02-23,2165.0
2005-02-24,2153.0
2005-02-25,2161.0
2005-02-28,2179.0
2005-03-01,2158.0
2005-03-02,2167.0
2005-03-03,2226.0
2005-03-04,2244.0
2005-03-07,2244.0
2005-03-08,2243.0
2005-03-09,2310.0
2005-03-10,2310.0
2005-03-11,2280.0
2005-03-14,2344.0
2005-03-15,2408.0
2005-03-16,2403.0
2005-03-17,2482.0
2005-03-18,2429.0
2005-03-21,2462.0
2005-03-22,2473.0
2005-03-23,2352.0
2005-03-24,2367.0
2005-03-25,2383.0
2005-03-28,2386.0
2005-03-29,2365.0
2005-03-30,2388.0
2005-03-31,2449.0
2005-04-01,2487.0
2005-04-04,2582.0
2005-04-05,2564.0
2005-04-06,2614.0
2005-04-07,2668.0
2005-04-08,2606.0
2005-04-11,2633.0
2005-04-12,2644.0
2005-04-13,2509.0
2005-04-14,2525.0
2005-04-15,2534.0
2005-04-18,2507.0
2005-04-19,2528.0
2005-04-20,2615.0
2005-04-21,2569.0
2005-04-22,2615.0
2005-04-25,2669.0
2005-04-26,2631.0
2005-04-27,2630.0
2005-04-28,2567.0
2005-04-29,2589.0
2005-05-09,2599.0
2005-05-10,2610.0
2005-05-11,2563.0
2005-05-12,2517.0
2005-05-13,2457.0
2005-05-16,2477.0
2005-05-17,2484.0
2005-05-18,2536.0
2005-05-19,2473.0
2005-05-20,2529.0
2005-05-23,2492.0
2005-05-24,2517.0
2005-05-25,2509.0
2005-05-26,2570.0
2005-05-27,2558.0
2005-05-30,2582.0
2005-05-31,2555.0
2005-06-01,2590.0
2005-06-02,2669.0
2005-06-03,2693.0
2005-06-06,2807.0
2005-06-07,2776.0
2005-06-08,2710.0
2005-06-09,2672.0
2005-06-10,2737.0
2005-06-13,2703.0
2005-06-14,2727.0
2005-06-15,2762.0
2005-06-16,2740.0
2005-06-17,2751.0
2005-06-20,2829.0
2005-06-21,2771.0
2005-06-22,2782.0
2005-06-23,2765.0
2005-06-24,2826.0
2005-06-27,2829.0
2005-06-28,2798.0
2005-06-29,2775.0
2005-06-30,2773.0
2005-07-01,2794.0
2005-07-04,2819.0
2005-07-05,2847.0
2005-07-06,2890.0
2005-07-07,2917.0
2005-07-08,2932.0
2005-07-11,2868.0
2005-07-12,2884.0
2005-07-13,2939.0
2005-07-14,2906.0
2005-07-15,2876.0
2005-07-18,2910.0
2005-07-19,2838.0
2005-07-20,2818.0
2005-07-21,2807.0
2005-07-22,2798.0
2005-07-25,2863.0
2005-07-26,2847.0
2005-07-27,2842.0
2005-07-28,2851.0
2005-07-29,2859.0
2005-08-01,2790.0
2005-08-02,2866.0
2005-08-03,2897.0
2005-08-04,2830.0
2005-08-05,2859.0
2005-08-08,2911.0
2005-08-09,2939.0
2005-08-10,2915.0
2005-08-11,2973.0
2005-08-12,2969.0
2005-08-15,2972.0
2005-08-16,2967.0
2005-08-17,2980.0
2005-08-18,2942.0
2005-08-19,2953.0
2005-08-22,2987.0
2005-08-23,3004.0
2005-08-24,3004.0
2005-08-25,3017.0
2005-08-26,3000.0
2005-08-29,3036.0
2005-08-30,3043.0
2005-08-31,3089.0
2005-09-01,3081.0
2005-09-02,3140.0
2005-09-05,3153.0
2005-09-06,3126.0
2005-09-07,3130.0
2005-09-08,3145.0
2005-09-09,3166.0
2005-09-12,3140.0
2005-09-13,3092.0
2005-09-14,3125.0
2005-09-15,3161.0
2005-09-16,3137.0
2005-09-19,3134.0
2005-09-20,3175.0
2005-09-21,3213.0
2005-09-22,3240.0
2005-09-23,3227.0
2005-09-26,3183.0
2005-09-27,3224.0
2005-09-28,3213.0
2005-09-29,3245.0
2005-09-30,3250.0
2005-10-10,3227.0
2005-10-11,3213.0
2005-10-12,3223.0
2005-10-13,3288.0
2005-10-14,3257.0
2005-10-17,3277.0
2005-10-18,3248.0
2005-10-19,3160.0
2005-10-20,3166.0
2005-10-21,3061.0
2005-10-24,3100.0
2005-10-25,3124.0
2005-10-26,3165.0
2005-10-27,3163.0
2005-10-28,3183.0
2005-10-31,3144.0
2005-11-01,3101.0
2005-11-02,3122.0
2005-11-03,3128.0
2005-11-04,3159.0
2005-11-07,3137.0
2005-11-08,3133.0
2005-11-09,3139.0
2005-11-10,3076.0
2005-11-11,3040.0
2005-11-14,3088.0
2005-11-15,3046.0
2005-11-16,3017.0
2005-11-17,3029.0
2005-11-18,3000.0
2005-11-21,3027.0
2005-11-22,3034.0
2005-11-23,3045.0
2005-11-24,3048.0
2005-11-25,3008.0
2005-11-28,2974.0
2005-11-29,2948.0
2005-11-30,2925.0
2005-12-01,2940.0
2005-12-02,2987.0
2005-12-05,3034.0
2005-12-06,3048.0
2005-12-07,3085.0
2005-12-08,3055.0
2005-12-09,3176.0
2005-12-12,3179.0
2005-12-13,3154.0
2005-12-14,3130.0
2005-12-15,3079.0
2005-12-16,3076.0
2005-12-19,3008.0
2005-12-20,3041.0
2005-12-21,3015.0
2005-12-22,3011.0
2005-12-23,3009.0
2005-12-26,3026.0
2005-12-27,3018.0
2005-12-28,3030.0
2005-12-29,3080.0
2005-12-30,3062.0
2006-01-02,3062.0
2006-01-03,3062.0
2006-01-04,3134.0
2006-01-05,3115.0
2006-01-06,3120.0
2006-01-09,3132.0
2006-01-10,3094.0
2006-01-11,3118.0
2006-01-12,3167.0
2006-01-13,3141.0
2006-01-16,3213.0
2006-01-17,3255.0
2006-01-18,3265.0
2006-01-19,3272.0
2006-01-20,3352.0
2006-01-23,3411.0
2006-01-24,3439.0
2006-01-25,3359.0
2006-01-26,3382.0
2006-01-27,3448.0
2006-02-06,3592.0
2006-02-07,3517.0
2006-02-08,3399.0
2006-02-09,3473.0
2006-02-10,3440.0
2006-02-13,3414.0
2006-02-14,3435.0
2006-02-15,3409.0
2006-02-16,3341.0
2006-02-17,3381.0
2006-02-20,3418.0
2006-02-21,3426.0
2006-02-22,3382.0
2006-02-23,3310.0
2006-02-24,3395.0
2006-02-27,3368.0
2006-02-28,3358.0
2006-03-01,3354.0
2006-03-02,3431.0
2006-03-03,3488.0
2006-03-06,3482.0
2006-03-07,3443.0
2006-03-08,3403.0
2006-03-09,3404.0
2006-03-10,3385.0
2006-03-13,3416.0
2006-03-14,3423.0
2006-03-15,3454.0
2006-03-16,3434.0
2006-03-17,3471.0
2006-03-20,3517.0
2006-03-21,3427.0
2006-03-22,3443.0
2006-03-23,3477.0
2006-03-24,3495.0
2006-03-27,3497.0
2006-03-28,3487.0
2006-03-29,3516.0
2006-03-30,3518.0
2006-03-31,3518.0
2006-04-03,3520.0
2006-04-04,3573.0
2006-04-05,3522.0
2006-04-06,3572.0
2006-04-07,3557.0
2006-04-10,3596.0
2006-04-11,3691.0
2006-04-12,3687.0
2006-04-13,3666.0
2006-04-14,3733.0
2006-04-19,3707.0
2006-04-20,3746.0
2006-04-21,3684.0
2006-04-24,3770.0
2006-04-25,3709.0
2006-04-26,3706.0
2006-04-27,3663.0
2006-04-28,3638.0
2006-05-08,3740.0
2006-05-09,3723.0
2006-05-10,3745.0
2006-05-11,3871.0
2006-05-12,3801.0
2006-05-15,3756.0
2006-05-16,3610.0
2006-05-17,3633.0
2006-05-18,3569.0
2006-05-19,3612.0
2006-05-22,3541.0
2006-05-23,3650.0
2006-05-24,3701.0
2006-05-25,3670.0
2006-05-26,3699.0
2006-05-29,3695.0
2006-05-30,3672.0
2006-05-31,3668.0
2006-06-01,3612.0
2006-06-02,3615.0
2006-06-05,3761.0
2006-06-06,3710.0
2006-06-07,3684.0
2006-06-08,3616.0
2006-06-09,3581.0
2006-06-12,3618.0
2006-06-13,3491.0
2006-06-14,3337.0
2006-06-15,3450.0
2006-06-16,3482.0
2006-06-19,3364.0
2006-06-20,3400.0
2006-06-21,3417.0
2006-06-22,3460.0
2006-06-23,3408.0
2006-06-26,3406.0
2006-06-27,3476.0
2006-06-28,3455.0
2006-06-29,3460.0
2006-06-30,3564.0
2006-07-03,3564.0
2006-07-04,3516.0
2006-07-05,3504.0
2006-07-06,3551.0
2006-07-07,3598.0
2006-07-10,3532.0
2006-07-11,3524.0
2006-07-12,3570.0
2006-07-13,3596.0
2006-07-14,3715.0
2006-07-17,3797.0
2006-07-18,3797.0
2006-07-19,3683.0
2006-07-20,3695.0
2006-07-21,3679.0
2006-07-24,3621.0
2006-07-25,3669.0
2006-07-26,3579.0
2006-07-27,3614.0
2006-07-28,3648.0
2006-07-31,3603.0
2006-08-01,3630.0
2006-08-02,3670.0
2006-08-03,3652.0
2006-08-04,3628.0
2006-08-07,3677.0
2006-08-08,3668.0
2006-08-09,3660.0
2006-08-10,3674.0
2006-08-11,3616.0
2006-08-14,3514.0
2006-08-15,3483.0
2006-08-16,3560.0
2006-08-17,3474.0
2006-08-18,3479.0
2006-08-21,3540.0
2006-08-22,3523.0
2006-08-23,3475.0
2006-08-24,3429.0
2006-08-25,3442.0
2006-08-28,3364.0
2006-08-29,3310.0
2006-08-30,3306.0
2006-08-31,3331.0
2006-09-01,3339.0
2006-09-04,3184.0
2006-09-05,3115.0
2006-09-06,3071.0
2006-09-07,3021.0
2006-09-08,2993.0
2006-09-11,2958.0
2006-09-12,3051.0
2006-09-13,2946.0
2006-09-14,3030.0
2006-09-15,3050.0
2006-09-18,3118.0
2006-09-19,3113.0
2006-09-20,2977.0
2006-09-21,2913.0
2006-09-22,2934.0
2006-09-25,2822.0
2006-09-26,2859.0
2006-09-27,2885.0
2006-09-28,2926.0
2006-09-29,2936.0
2006-10-09,2973.0
2006-10-10,2957.0
2006-10-11,2891.0
2006-10-12,2900.0
2006-10-13,2911.0
2006-10-16,2981.0
2006-10-17,3014.0
2006-10-18,2953.0
2006-10-19,2941.0
2006-10-20,2966.0
2006-10-23,2974.0
2006-10-24,2935.0
2006-10-25,2970.0
2006-10-26,3051.0
2006-10-27,3015.0
2006-10-31,2910.0
2006-11-01,2910.0
2006-11-02,2909.0
2006-11-03,2890.0
2006-11-06,2915.0
2006-11-07,2965.0
2006-11-08,2945.0
2006-11-09,2955.0
2006-11-10,2968.0
2006-11-13,2922.0
2006-11-14,2840.0
2006-11-15,2830.0
2006-11-16,2960.0
2006-11-17,2819.0
2006-11-20,2813.0
2006-11-21,2841.0
2006-11-22,2878.0
2006-11-23,2857.0
2006-11-24,2835.0
2006-11-27,2881.0
2006-11-28,2864.0
2006-11-29,2886.0
2006-11-30,2915.0
2006-12-01,2914.0
2006-12-04,2960.0
2006-12-05,2961.0
2006-12-06,2950.0
2006-12-07,2977.0
2006-12-08,3012.0
2006-12-11,2956.0
2006-12-12,2932.0
2006-12-13,2913.0
2006-12-14,2917.0
2006-12-15,2947.0
2006-12-18,2947.0
2006-12-19,2910.0
2006-12-20,2938.0
2006-12-21,2928.0
2006-12-22,2931.0
2006-12-25,2956.0
2006-12-26,2979.0
2006-12-27,2930.0
2006-12-28,2924.0
2006-12-29,2928.0
2007-01-04,2780.0
2007-01-05,2666.0
2007-01-08,2728.0
2007-01-09,2728.0
2007-01-10,2739.0
2007-01-11,2699.0
2007-01-12,2768.0
2007-01-15,2781.0
2007-01-16,2704.0
2007-01-17,2686.0
2007-01-18,2678.0
2007-01-19,2628.0
2007-01-22,2698.0
2007-01-23,2678.0
2007-01-24,2737.0
2007-01-25,2736.0
2007-01-26,2760.0
2007-01-29,2806.0
2007-01-30,2747.0
2007-01-31,2810.0
2007-02-01,2829.0
2007-02-02,2883.0
2007-02-05,2899.0
2007-02-06,2916.0
2007-02-07,2935.0
2007-02-08,2890.0
2007-02-09,2975.0
2007-02-12,2930.0
2007-02-13,2864.0
2007-02-14,2882.0
2007-02-15,2865.0
2007-02-16,2865.0
2007-02-26,2943.0
2007-02-27,2945.0
2007-02-28,2918.0
2007-03-01,2952.0
2007-03-02,2969.0
2007-03-05,2930.0
2007-03-06,2950.0
2007-03-07,3006.0
2007-03-08,3042.0
2007-03-09,3029.0
2007-03-12,2980.0
2007-03-13,2994.0
2007-03-14,2978.0
2007-03-15,2991.0
2007-03-16,2979.0
2007-03-19,3005.0
2007-03-20,3031.0
2007-03-21,3022.0
2007-03-22,3082.0
2007-03-23,3151.0
2007-03-26,3170.0
2007-03-27,3190.0
2007-03-28,3263.0
2007-03-29,3263.0
2007-03-30,3370.0
2007-04-02,3341.0
2007-04-03,3330.0
2007-04-04,3313.0
2007-04-05,3391.0
2007-04-06,3374.0
2007-04-09,3427.0
2007-04-10,3347.0
2007-04-11,3386.0
2007-04-12,3395.0
2007-04-13,3498.0
2007-04-16,3489.0
2007-04-17,3456.0
2007-04-18,3388.0
2007-04-19,3341.0
2007-04-20,3351.0
2007-04-23,3377.0
2007-04-24,3459.0
2007-04-25,3415.0
2007-04-26,3451.0
2007-04-27,3436.0
2007-04-30,3468.0
2007-05-08,3363.0
2007-05-09,3390.0
2007-05-10,3391.0
2007-05-11,3330.0
2007-05-14,3384.0
2007-05-15,3414.0
2007-05-16,3451.0
2007-05-17,3406.0
2007-05-18,3457.0
2007-05-21,3467.0
2007-05-22,3425.0
2007-05-23,3369.0
2007-05-24,3395.0
2007-05-25,3380.0
2007-05-28,3363.0
2007-05-29,3315.0
2007-05-30,3225.0
2007-05-31,3226.0
2007-06-01,3240.0
2007-06-04,3283.0
2007-06-05,3385.0
2007-06-06,3389.0
2007-06-07,3377.0
2007-06-08,3356.0
2007-06-11,3308.0
2007-06-12,3325.0
2007-06-13,3382.0
2007-06-14,3415.0
2007-06-15,3460.0
2007-06-18,3444.0
2007-06-19,3467.0
2007-06-20,3407.0
2007-06-21,3424.0
2007-06-22,3394.0
2007-06-25,3401.0
2007-06-26,3422.0
2007-06-27,3400.0
2007-06-28,3447.0
2007-06-29,3431.0
2007-07-02,3475.0
2007-07-03,3513.0
2007-07-04,3491.0
2007-07-05,3501.0
2007-07-06,3504.0
2007-07-09,3537.0
2007-07-10,3519.0
2007-07-11,3538.0
2007-07-12,3560.0
2007-07-13,3545.0
2007-07-16,3545.0
2007-07-18,3513.0
2007-07-19,3553.0
2007-07-20,3636.0
2007-07-23,3637.0
2007-07-24,3614.0
2007-07-25,3577.0
2007-07-26,3638.0
2007-07-27,3611.0
2007-07-30,3627.0
2007-07-31,3625.0
2007-08-01,3624.0
2007-08-02,3620.0
2007-08-03,3624.0
2007-08-06,3585.0
2007-08-07,3496.0
2007-08-08,3509.0
2007-08-09,3484.0
2007-08-10,3454.0
2007-08-13,3486.0
2007-08-14,3465.0
2007-08-15,3473.0
2007-08-16,3426.0
2007-08-17,3375.0
2007-08-20,3383.0
2007-08-21,3355.0
2007-08-22,3319.0
2007-08-23,3367.0
2007-08-24,3356.0
2007-08-27,3374.0
2007-08-28,3420.0
2007-08-29,3409.0
2007-08-30,3459.0
2007-08-31,3463.0
2007-09-03,3483.0
2007-09-04,3461.0
2007-09-05,3477.0
2007-09-06,3463.0
2007-09-07,3420.0
2007-09-10,3402.0
2007-09-11,3456.0
2007-09-12,3459.0
2007-09-13,3525.0
2007-09-14,3528.0
2007-09-17,3495.0
2007-09-18,3562.0
2007-09-19,3575.0
2007-09-20,3547.0
2007-09-21,3569.0
2007-09-24,3568.0
2007-09-25,3540.0
2007-09-26,3531.0
2007-09-27,3563.0
2007-09-28,3595.0
2007-10-05,3571.0
2007-10-08,3597.0
2007-10-09,3518.0
2007-10-10,3552.0
2007-10-11,3675.0
2007-10-12,3704.0
2007-10-15,3740.0
2007-10-16,3770.0
2007-10-17,3744.0
2007-10-18,3748.0
2007-10-19,3713.0
2007-10-22,3651.0
2007-10-23,3698.0
2007-10-24,3654.0
2007-10-25,3715.0
2007-10-26,3790.0
2007-10-29,3896.0
2007-10-30,3816.0
2007-10-31,3792.0
2007-11-01,3880.0
2007-11-02,3864.0
2007-11-05,3837.0
2007-11-06,3890.0
2007-11-07,3916.0
2007-11-08,3849.0
2007-11-09,3899.0
2007-11-12,3834.0
2007-11-13,3814.0
2007-11-14,3780.0
2007-11-15,3801.0
2007-11-16,3791.0
2007-11-19,3858.0
2007-11-20,3790.0
2007-11-21,3878.0
2007-11-22,3924.0
2007-11-23,4074.0
2007-11-26,4172.0
2007-11-27,4120.0
2007-11-28,4029.0
2007-11-29,4158.0
2007-11-30,4020.0
2007-12-03,4039.0
2007-12-04,4032.0
2007-12-05,3983.0
2007-12-06,3864.0
2007-12-07,3920.0
2007-12-10,3911.0
2007-12-11,3924.0
2007-12-12,3907.0
2007-12-13,3985.0
2007-12-14,3988.0
2007-12-17,3988.0
2007-12-18,3949.0
2007-12-19,3935.0
2007-12-20,3971.0
2007-12-21,3961.0
2007-12-24,4011.0
2007-12-25,4000.0
2007-12-26,4036.0
2007-12-27,4027.0
2007-12-28,4030.0
2007-12-31,4030.0
2008-01-01,4030.0
2008-01-02,3970.0
2008-01-03,4031.0
2008-01-04,4264.0
2008-01-07,4194.0
2008-01-08,4204.0
2008-01-09,4209.0
2008-01-10,4169.0
2008-01-11,4172.0
2008-01-14,4179.0
2008-01-15,4138.0
2008-01-16,4014.0
2008-01-17,4020.0
2008-01-18,3960.0
2008-01-21,3938.0
2008-01-22,3764.0
2008-01-23,3806.0
2008-01-24,3848.0
2008-01-25,3922.0
2008-01-28,3865.0
2008-01-29,3910.0
2008-01-31,3908.0
2008-02-01,3924.0
2008-02-04,3871.0
2008-02-05,3880.0
2008-02-13,3940.0
2008-02-14,4000.0
2008-02-15,4061.0
2008-02-18,4079.0
2008-02-19,4136.0
2008-02-20,4181.0
2008-02-21,4239.0
2008-02-22,4163.0
2008-02-25,4207.0
2008-02-26,4137.0
2008-02-27,4201.0
2008-02-28,4310.0
2008-02-29,4322.0
2008-03-03,4369.0
2008-03-04,4309.0
2008-03-05,4225.0
2008-03-06,4340.0
2008-03-07,4340.0
2008-03-10,4298.0
2008-03-11,4331.0
2008-03-12,4316.0
2008-03-13,4319.0
2008-03-14,4371.0
2008-03-17,4461.0
2008-03-18,4277.0
2008-03-19,4318.0
2008-03-20,4158.0
2008-03-21,4178.0
2008-03-24,4145.0
2008-03-25,4190.0
2008-03-26,4221.0
2008-03-27,4303.0
2008-03-28,4292.0
2008-03-31,4269.0
2008-04-01,4165.0
2008-04-02,4240.0
2008-04-03,4318.0
2008-04-04,4318.0
2008-04-07,4367.0
2008-04-08,4348.0
2008-04-09,4385.0
2008-04-10,4427.0
2008-04-11,4383.0
2008-04-14,4419.0
2008-04-15,4481.0
2008-04-16,4485.0
2008-04-17,4435.0
2008-04-18,4443.0
2008-04-21,4440.0
2008-04-22,4380.0
2008-04-23,4401.0
2008-04-24,4418.0
2008-04-25,4378.0
2008-04-28,4488.0
2008-04-29,4433.0
2008-04-30,4475.0
2008-05-01,4475.0
2008-05-02,4475.0
2008-05-05,4500.0
2008-05-06,4592.0
2008-05-07,4616.0
2008-05-08,4666.0
2008-05-09,4659.0
2008-05-12,4683.0
2008-05-13,4670.0
2008-05-14,4662.0
2008-05-15,4677.0
2008-05-16,4714.0
2008-05-19,4793.0
2008-05-20,4734.0
2008-05-21,4782.0
2008-05-22,4870.0
2008-05-23,4893.0
2008-05-26,4940.0
2008-05-27,4910.0
2008-05-28,4807.0
2008-05-29,4782.0
2008-05-30,4751.0
2008-06-02,4765.0
2008-06-03,4947.0
2008-06-04,4875.0
2008-06-05,4848.0
2008-06-06,4934.0
2008-06-09,4934.0
2008-06-10,5029.0
2008-06-11,5074.0
2008-06-12,5111.0
2008-06-13,5191.0
2008-06-16,5183.0
2008-06-17,5160.0
2008-06-18,5218.0
2008-06-19,5326.0
2008-06-20,5165.0
2008-06-23,5240.0
2008-06-24,5159.0
2008-06-25,5165.0
2008-06-26,5127.0
2008-06-27,5220.0
2008-06-30,5297.0
2008-07-01,5290.0
2008-07-02,5391.0
2008-07-03,5470.0
2008-07-04,5496.0
2008-07-07,5470.0
2008-07-08,5469.0
2008-07-09,5385.0
2008-07-10,5383.0
2008-07-11,5579.0
2008-07-14,5609.0
2008-07-15,5653.0
2008-07-16,5530.0
2008-07-17,5491.0
2008-07-20,5472.0
2008-07-21,5481.0
2008-07-22,5372.0
2008-07-23,5269.0
2008-07-24,5251.0
2008-07-25,5259.0
2008-07-28,5204.0
2008-07-29,5214.0
2008-07-30,5118.0
2008-07-31,5225.0
2008-08-01,5120.0
2008-08-04,5147.0
2008-08-05,4895.0
2008-08-06,4847.0
2008-08-07,4875.0
2008-08-08,4802.0
2008-08-11,4595.0
2008-08-12,4532.0
2008-08-13,4676.0
2008-08-14,4743.0
2008-08-15,4446.0
2008-08-18,4707.0
2008-08-19,4568.0
2008-08-20,4700.0
2008-08-21,4888.0
2008-08-22,4999.0
2008-08-25,4831.0
2008-08-26,4763.0
2008-08-27,4868.0
2008-08-28,4895.0
2008-08-29,4890.0
2008-09-01,4925.0
2008-09-02,4661.0
2008-09-03,4598.0
2008-09-04,4645.0
2008-09-05,4521.0
2008-09-08,4557.0
2008-09-09,4393.0
2008-09-10,4348.0
2008-09-11,4315.0
2008-09-12,4337.0
2008-09-15,4340.0
2008-09-16,4057.0
2008-09-17,4005.0
2008-09-18,3950.0
2008-09-19,4014.0
2008-09-22,4189.0
2008-09-23,4255.0
2008-09-24,4260.0
2008-09-25,4334.0
2008-09-26,4286.0
2008-10-03,4600.0
2008-10-06,4063.0
2008-10-07,3880.0
2008-10-08,3649.0
2008-10-09,3650.0
2008-10-10,3468.0
2008-10-13,3420.0
2008-10-14,3447.0
2008-10-15,3310.0
2008-10-16,3132.0
2008-10-17,3230.0
2008-10-20,3318.0
2008-10-21,3278.0
2008-10-22,3159.0
2008-10-23,3024.0
2008-10-24,2783.0
2008-10-27,2676.0
2008-10-28,2708.0
2008-10-29,2663.0
2008-10-30,2779.0
2008-10-31,2566.0
2008-11-03,2690.0
2008-11-04,2574.0
2008-11-05,2663.0
2008-11-06,2550.0
2008-11-07,2482.0
2008-11-10,2590.0
2008-11-11,2460.0
2008-11-12,2424.0
2008-11-13,2326.0
2008-11-14,2354.0
2008-11-17,2344.0
2008-11-18,2396.0
2008-11-19,2409.0
2008-11-20,2279.0
2008-11-21,2149.0
2008-11-24,2138.0
2008-11-25,2205.0
2008-11-26,2233.0
2008-11-27,2235.0
2008-11-28,2238.0
2008-12-01,2246.0
2008-12-02,2109.0
2008-12-03,2169.0
2008-12-04,2208.0
2008-12-05,2139.0
2008-12-08,2234.0
2008-12-09,2313.0
2008-12-10,2391.0
2008-12-11,2522.0
2008-12-12,2511.0
2008-12-15,2649.0
2008-12-16,2566.0
2008-12-17,2508.0
2008-12-18,2406.0
2008-12-19,2458.0
2008-12-22,2500.0
2008-12-23,2442.0
2008-12-24,2487.0
2008-12-25,2426.0
2008-12-26,2429.0
2008-12-29,2520.0
2008-12-30,2589.0
2008-12-31,2561.0
2009-01-05,2701.0
2009-01-06,2767.0
2009-01-07,2833.0
2009-01-08,2706.0
2009-01-09,2762.0
2009-01-12,2739.0
2009-01-13,2660.0
2009-01-14,2797.0
2009-01-15,2972.0
2009-01-16,3060.0
2009-01-19,3001.0
2009-01-20,3007.0
2009-01-21,2978.0
2009-01-22,2949.0
2009-01-23,2963.0
2009-02-02,2960.0
2009-02-03,3032.0
2009-02-04,3081.0
2009-02-05,3086.0
2009-02-06,3192.0
2009-02-09,3221.0
2009-02-10,3211.0
2009-02-11,3047.0
2009-02-12,3023.0
2009-02-13,3046.0
2009-02-16,2974.0
2009-02-17,2975.0
2009-02-18,2831.0
2009-02-19,2858.0
2009-02-20,2881.0
2009-02-23,3046.0
2009-02-24,2986.0
2009-02-25,3036.0
2009-02-26,3050.0
2009-02-27,3000.0
2009-03-02,2909.0
2009-03-03,2887.0
2009-03-04,2925.0
2009-03-05,3001.0
2009-03-06,3004.0
2009-03-09,3057.0
2009-03-10,3106.0
2009-03-11,3080.0
2009-03-12,3018.0
2009-03-13,3044.0
2009-03-16,3041.0
2009-03-17,3083.0
2009-03-18,3110.0
2009-03-19,3117.0
2009-03-20,3153.0
2009-03-23,3259.0
2009-03-24,3195.0
2009-03-25,3158.0
2009-03-26,3194.0
2009-03-27,3154.0
2009-03-30,3127.0
2009-03-31,3157.0
2009-04-01,3136.0
2009-04-02,3202.0
2009-04-03,3215.0
2009-04-07,3303.0
2009-04-08,3264.0
2009-04-09,3326.0
2009-04-10,3417.0
2009-04-13,3418.0
2009-04-14,3409.0
2009-04-15,3501.0
2009-04-16,3542.0
2009-04-17,3525.0
2009-04-20,3486.0
2009-04-21,3334.0
2009-04-22,3367.0
2009-04-23,3377.0
2009-04-24,3327.0
2009-04-27,3322.0
2009-04-28,3269.0
2009-04-29,3328.0
2009-04-30,3359.0
2009-05-04,3536.0
2009-05-05,3468.0
2009-05-06,3508.0
2009-05-07,3544.0
2009-05-08,3647.0
2009-05-11,3567.0
2009-05-12,3578.0
2009-05-13,3648.0
2009-05-14,3551.0
2009-05-15,3565.0
2009-05-18,3518.0
2009-05-19,3622.0
2009-05-20,3581.0
2009-05-21,3596.0
2009-05-22,3616.0
2009-05-25,3611.0
2009-05-26,3571.0
2009-05-27,3607.0
2009-06-01,3716.0
2009-06-02,3682.0
2009-06-03,3710.0
2009-06-04,3752.0
2009-06-05,3820.0
2009-06-08,3769.0
2009-06-09,3797.0
2009-06-10,3818.0
2009-06-11,3813.0
2009-06-12,3776.0
2009-06-15,3738.0
2009-06-16,3773.0
2009-06-17,3766.0
2009-06-18,3774.0
2009-06-19,3775.0
2009-06-22,3732.0
2009-06-23,3659.0
2009-06-24,3671.0
2009-06-25,3682.0
2009-06-26,3739.0
2009-06-29,3699.0
2009-06-30,3779.0
2009-07-01,3768.0
2009-07-02,3748.0
2009-07-03,3717.0
2009-07-06,3685.0
2009-07-07,3756.0
2009-07-08,3704.0
2009-07-09,3710.0
2009-07-10,3700.0
2009-07-13,3671.0
2009-07-14,3710.0
2009-07-15,3745.0
2009-07-16,3752.0
2009-07-17,3747.0
2009-07-20,3799.0
2009-07-21,3776.0
2009-07-22,3763.0
2009-07-23,3769.0
2009-07-24,3813.0
2009-07-27,3839.0
2009-07-28,3824.0
2009-07-29,3737.0
2009-07-30,3742.0
2009-07-31,3806.0
2009-08-03,3882.0
2009-08-04,3937.0
2009-08-05,3931.0
2009-08-06,3929.0
2009-08-07,3900.0
2009-08-10,4101.0
2009-08-11,4131.0
2009-08-12,4129.0
2009-08-13,4224.0
2009-08-14,4164.0
2009-08-17,3968.0
2009-08-18,3942.0
2009-08-19,3940.0
2009-08-20,4062.0
2009-08-21,3996.0
2009-08-24,4139.0
2009-08-25,4090.0
2009-08-26,4116.0
2009-08-27,4084.0
2009-08-28,4105.0
2009-08-31,3999.0
2009-09-01,4012.0
2009-09-02,3956.0
2009-09-03,3981.0
2009-09-04,3954.0
2009-09-07,3998.0
2009-09-08,4052.0
2009-09-09,4128.0
2009-09-10,4126.0
2009-09-11,4086.0
2009-09-14,3916.0
2009-09-15,3935.0
2009-09-16,4006.0
2009-09-17,4020.0
2009-09-18,3961.0
2009-09-21,3968.0
2009-09-22,3960.0
2009-09-23,3932.0
2009-09-24,3877.0
2009-09-25,3818.0
2009-09-28,3728.0
2009-09-29,3766.0
2009-09-30,3788.0
2009-10-09,3890.0
2009-10-12,3946.0
2009-10-13,3985.0
2009-10-14,4053.0
2009-10-15,4043.0
2009-10-16,4086.0
2009-10-19,4080.0
2009-10-20,4105.0
2009-10-21,4060.0
2009-10-22,4084.0
2009-10-23,4113.0
2009-10-26,4124.0
2009-10-27,4091.0
2009-10-28,4114.0
2009-10-29,4030.0
2009-10-30,4092.0
2009-11-02,4055.0
2009-11-03,4063.0
2009-11-04,4078.0
2009-11-05,4080.0
2009-11-06,4094.0
2009-11-09,4091.0
2009-11-10,4085.0
2009-11-11,4065.0
2009-11-12,4072.0
2009-11-13,4194.0
2009-11-16,4276.0
2009-11-17,4261.0
2009-11-18,4346.0
2009-11-19,4319.0
2009-11-20,4307.0
2009-11-23,4381.0
2009-11-24,4292.0
2009-11-25,4329.0
2009-11-26,4307.0
2009-11-27,4184.0
2009-11-30,4247.0
2009-12-01,4248.0
2009-12-02,4273.0
2009-12-03,4285.0
2009-12-04,4341.0
2009-12-07,4348.0
2009-12-08,4352.0
2009-12-09,4383.0
2009-12-10,4290.0
2009-12-11,4295.0
2009-12-14,4289.0
2009-12-15,4309.0
2009-12-16,4331.0
2009-12-17,4313.0
2009-12-18,4310.0
2009-12-21,4315.0
2009-12-22,4271.0
2009-12-23,4269.0
2009-12-24,4313.0
2009-12-25,4301.0
2009-12-28,4325.0
2009-12-29,4502.0
2009-12-30,4519.0
2009-12-31,4516.0
2010-01-04,4549.0
2010-01-05,4696.0
2010-01-06,4704.0
2010-01-07,4603.0
2010-01-08,4604.0
2010-01-11,4719.0
2010-01-12,4658.0
2010-01-13,4584.0
2010-01-14,4615.0
2010-01-15,4577.0
2010-01-18,4580.0
2010-01-19,4600.0
2010-01-20,4588.0
2010-01-21,4630.0
2010-01-22,4586.0
2010-01-25,4563.0
2010-01-26,4519.0
2010-01-27,4526.0
2010-01-28,4544.0
2010-01-29,4496.0
2010-02-01,4407.0
2010-02-02,4439.0
2010-02-03,4498.0
2010-02-04,4457.0
2010-02-05,4331.0
2010-02-08,4332.0
2010-02-09,4341.0
2010-02-10,4352.0
2010-02-11,4380.0
2010-02-12,4426.0
2010-02-22,4530.0
2010-02-23,4515.0
2010-02-24,4506.0
2010-02-25,4509.0
2010-02-26,4507.0
2010-03-01,4534.0
2010-03-02,4503.0
2010-03-03,4520.0
2010-03-04,4528.0
2010-03-05,4545.0
2010-03-08,4567.0
2010-03-09,4563.0
2010-03-10,4560.0
2010-03-11,4547.0
2010-03-12,4609.0
2010-03-15,4580.0
2010-03-16,4570.0
2010-03-17,4646.0
2010-03-18,4637.0
2010-03-19,4636.0
2010-03-22,4605.0
2010-03-23,4613.0
2010-03-24,4615.0
2010-03-25,4611.0
2010-03-26,4637.0
2010-03-29,4652.0
2010-03-30,4660.0
2010-03-31,4650.0
2010-04-01,4682.0
2010-04-02,4705.0
2010-04-06,4739.0
2010-04-07,4732.0
2010-04-08,4712.0
2010-04-09,4745.0
2010-04-12,4751.0
2010-04-13,4749.0
2010-04-14,4759.0
2010-04-15,4772.0
2010-04-16,4774.0
2010-04-19,4722.0
2010-04-20,4755.0
2010-04-21,4766.0
2010-04-22,4748.0
2010-04-23,4749.0
2010-04-26,4766.0
2010-04-27,4761.0
2010-04-28,4726.0
2010-04-29,4733.0
2010-04-30,4785.0
2010-05-04,4787.0
2010-05-05,4758.0
2010-05-06,4710.0
2010-05-07,4638.0
2010-05-10,4688.0
2010-05-11,4669.0
2010-05-12,4670.0
2010-05-13,4690.0
2010-05-14,4657.0
2010-05-17,4512.0
2010-05-18,4546.0
2010-05-19,4468.0
2010-05-20,4495.0
2010-05-21,4360.0
2010-05-24,4407.0
2010-05-25,4341.0
2010-05-26,4379.0
2010-05-27,4416.0
2010-05-28,4467.0
2010-05-31,4437.0
2010-06-01,4409.0
2010-06-02,4359.0
2010-06-03,4392.0
2010-06-04,4381.0
2010-06-07,4226.0
2010-06-08,4295.0
2010-06-09,4340.0
2010-06-10,4321.0
2010-06-11,4361.0
2010-06-14,4361.0
2010-06-17,4340.0
2010-06-18,4356.0
2010-06-21,4418.0
2010-06-22,4386.0
2010-06-23,4386.0
2010-06-24,4370.0
2010-06-25,4360.0
2010-06-28,4395.0
2010-06-29,4357.0
2010-06-30,4336.0
2010-07-01,4297.0
2010-07-02,4300.0
2010-07-05,4300.0
2010-07-06,4280.0
2010-07-07,4273.0
2010-07-08,4311.0
2010-07-09,4303.0
2010-07-12,4281.0
2010-07-13,4260.0
2010-07-14,4295.0
2010-07-15,4275.0
2010-07-16,4262.0
2010-07-19,4257.0
2010-07-20,4276.0
2010-07-21,4262.0
2010-07-22,4261.0
2010-07-23,4378.0
2010-07-26,4391.0
2010-07-27,4378.0
2010-07-28,4380.0
2010-07-29,4423.0
2010-07-30,4428.0
2010-08-02,4475.0
2010-08-03,4480.0
2010-08-04,4479.0
2010-08-05,4464.0
2010-08-06,4495.0
2010-08-09,4499.0
2010-08-10,4473.0
2010-08-11,4456.0
2010-08-12,4407.0
2010-08-13,4416.0
2010-08-16,4428.0
2010-08-17,4428.0
2010-08-18,4441.0
2010-08-19,4567.0
2010-08-20,4447.0
2010-08-23,4399.0
2010-08-24,4353.0
2010-08-25,4382.0
2010-08-26,4391.0
2010-08-27,4378.0
2010-08-30,4424.0
2010-08-31,4352.0
2010-09-01,4352.0
2010-09-02,4383.0
2010-09-03,4375.0
2010-09-06,4412.0
2010-09-07,4406.0
2010-09-08,4435.0
2010-09-09,4370.0
2010-09-10,4394.0
2010-09-13,4425.0
2010-09-14,4368.0
2010-09-15,4358.0
2010-09-16,4415.0
2010-09-17,4429.0
2010-09-20,4435.0
2010-09-21,4439.0
2010-09-24,4439.0
2010-09-27,4464.0
2010-09-28,4416.0
2010-09-29,4420.0
2010-09-30,4461.0
2010-10-07,4461.0
2010-10-08,4477.0
2010-10-11,4679.0
2010-10-12,4647.0
2010-10-13,4748.0
2010-10-14,4780.0
2010-10-15,4750.0
2010-10-18,4656.0
2010-10-19,4684.0
2010-10-20,4634.0
2010-10-21,4644.0
2010-10-22,4649.0
2010-10-25,4744.0
2010-10-26,4707.0
2010-10-27,4635.0
2010-10-28,4668.0
2010-10-29,4635.0
2010-11-01,4662.0
2010-11-02,4698.0
2010-11-03,4686.0
2010-11-04,4750.0
2010-11-05,5025.0
2010-11-08,5004.0
2010-11-09,5063.0
2010-11-10,4999.0
2010-11-11,5088.0
2010-11-12,4914.0
2010-11-15,4907.0
2010-11-16,4859.0
2010-11-17,4717.0
2010-11-18,4760.0
2010-11-19,4764.0
2010-11-22,4773.0
2010-11-23,4668.0
2010-11-24,4706.0
2010-11-25,4714.0
2010-11-26,4690.0
2010-11-29,4744.0
2010-11-30,4795.0
2010-12-01,4769.0
2010-12-02,4834.0
2010-12-03,4865.0
2010-12-06,4910.0
2010-12-07,4893.0
2010-12-08,4818.0
2010-12-09,4854.0
2010-12-10,4875.0
2010-12-13,4895.0
2010-12-14,4889.0
2010-12-15,4841.0
2010-12-16,4879.0
2010-12-17,4868.0
2010-12-20,4870.0
2010-12-21,4878.0
2010-12-22,4863.0
2010-12-23,4880.0
2010-12-24,4890.0
2010-12-27,4864.0
2010-12-28,4824.0
2010-12-29,4754.0
2010-12-30,4771.0
2010-12-31,4735.0
2011-01-04,4961.0
2011-01-05,4909.0
2011-01-06,4933.0
2011-01-07,4854.0
2011-01-10,4874.0
2011-01-11,4879.0
2011-01-12,4892.0
2011-01-13,4887.0
2011-01-14,4866.0
2011-01-17,4855.0
2011-01-18,4846.0
2011-01-19,4881.0
2011-01-20,4848.0
2011-01-21,4765.0
2011-01-24,4775.0
2011-01-25,4676.0
2011-01-26,4694.0
2011-01-27,4689.0
2011-01-28,4688.0
2011-01-31,4751.0
2011-02-01,4792.0
2011-02-09,4752.0
2011-02-10,4801.0
2011-02-11,4804.0
2011-02-14,4812.0
2011-02-15,4829.0
2011-02-16,4797.0
2011-02-17,4792.0
2011-02-18,4787.0
2011-02-21,4818.0
2011-02-22,4879.0
2011-02-23,4821.0
2011-02-24,4870.0
2011-02-25,4854.0
2011-02-28,4868.0
2011-03-01,4816.0
2011-03-02,4838.0
2011-03-03,4847.0
2011-03-04,4837.0
2011-03-07,4867.0
2011-03-08,4827.0
2011-03-09,4806.0
2011-03-10,4823.0
2011-03-11,4756.0
2011-03-14,4677.0
2011-03-15,4659.0
2011-03-16,4640.0
2011-03-17,4676.0
2011-03-18,4717.0
2011-03-21,4754.0
2011-03-22,4735.0
2011-03-23,4736.0
2011-03-24,4712.0
2011-03-25,4715.0
2011-03-28,4690.0
2011-03-29,4672.0
2011-03-30,4654.0
2011-03-31,4625.0
2011-04-01,4937.0
2011-04-06,4978.0
2011-04-07,4980.0
2011-04-08,5063.0
2011-04-11,5062.0
2011-04-12,4987.0
2011-04-13,4969.0
2011-04-14,4953.0
2011-04-15,4942.0
2011-04-18,4936.0
2011-04-19,4862.0
2011-04-20,4895.0
2011-04-21,4929.0
2011-04-22,4928.0
2011-04-25,4930.0
2011-04-26,4908.0
2011-04-27,4920.0
2011-04-28,4955.0
2011-04-29,4939.0
2011-05-03,4951.0
2011-05-04,4915.0
2011-05-05,4917.0
2011-05-06,4832.0
2011-05-09,4865.0
2011-05-10,4888.0
2011-05-11,4945.0
2011-05-12,4905.0
2011-05-13,4942.0
2011-05-16,4945.0
2011-05-17,4926.0
2011-05-18,4934.0
2011-05-19,4955.0
2011-05-20,4949.0
2011-05-23,4968.0
2011-05-24,5009.0
2011-05-25,4995.0
2011-05-26,5013.0
2011-05-27,5015.0
2011-05-30,5035.0
2011-05-31,5039.0
2011-06-01,5027.0
2011-06-02,5010.0
2011-06-03,5023.0
2011-06-07,5032.0
2011-06-08,5056.0
2011-06-09,5066.0
2011-06-10,5042.0
2011-06-13,5037.0
2011-06-14,5026.0
2011-06-15,5036.0
2011-06-16,4990.0
2011-06-17,4983.0
2011-06-20,4960.0
2011-06-21,4983.0
2011-06-22,4975.0
2011-06-23,4990.0
2011-06-24,4963.0
2011-06-27,4925.0
2011-06-28,4928.0
2011-06-29,4945.0
2011-06-30,4965.0
2011-07-01,4951.0
2011-07-04,4974.0
2011-07-05,4964.0
2011-07-06,4975.0
2011-07-07,4966.0
2011-07-08,4987.0
2011-07-11,4970.0
2011-07-12,4969.0
2011-07-13,4999.0
2011-07-14,5000.0
2011-07-15,4982.0
2011-07-18,4999.0
2011-07-19,5011.0
2011-07-20,5034.0
2011-07-21,5034.0
2011-07-22,5051.0
2011-07-25,5039.0
2011-07-26,5040.0
2011-07-27,5073.0
2011-07-28,5065.0
2011-07-29,5095.0
2011-08-01,5111.0
2011-08-02,5093.0
2011-08-03,5064.0
2011-08-04,5042.0
2011-08-05,4944.0
2011-08-08,4957.0
2011-08-09,4880.0
2011-08-10,4921.0
2011-08-11,4931.0
2011-08-12,4933.0
2011-08-15,4942.0
2011-08-16,4923.0
2011-08-17,4934.0
2011-08-18,4934.0
2011-08-19,4874.0
2011-08-22,4869.0
2011-08-23,4917.0
2011-08-24,4916.0
2011-08-25,4928.0
2011-08-26,4921.0
2011-08-29,4931.0
2011-08-30,4941.0
2011-08-31,4942.0
2011-09-01,4939.0
2011-09-02,4929.0
2011-09-05,4907.0
2011-09-06,4879.0
2011-09-07,4916.0
2011-09-08,4917.0
2011-09-09,4910.0
2011-09-13,4900.0
2011-09-14,4890.0
2011-09-15,4888.0
2011-09-16,4901.0
2011-09-19,4860.0
2011-09-20,4865.0
2011-09-21,4879.0
2011-09-22,4841.0
2011-09-23,4823.0
2011-09-26,4700.0
2011-09-27,4802.0
2011-09-28,4819.0
2011-09-29,4748.0
2011-09-30,4790.0
2011-10-10,4778.0
2011-10-11,4787.0
2011-10-12,4797.0
2011-10-13,4760.0
2011-10-14,4780.0
2011-10-17,4793.0
2011-10-18,4779.0
2011-10-19,4783.0
2011-10-20,4802.0
2011-10-21,4820.0
2011-10-24,4838.0
2011-10-25,4853.0
2011-10-26,4837.0
2011-10-27,4870.0
2011-10-28,4860.0
2011-10-31,4868.0
2011-11-01,4870.0
2011-11-02,4900.0
2011-11-03,4880.0
2011-11-04,4873.0
2011-11-07,4871.0
2011-11-08,4862.0
2011-11-09,4873.0
2011-11-10,4861.0
2011-11-11,4915.0
2011-11-14,4869.0
2011-11-15,4851.0
2011-11-16,5014.0
2011-11-17,4880.0
2011-11-18,5002.0
2011-11-21,4890.0
2011-11-22,5002.0
2011-11-23,5000.0
2011-11-24,5000.0
2011-11-25,4996.0
2011-11-28,5026.0
2011-11-29,5036.0
2011-11-30,5045.0
2011-12-01,5124.0
2011-12-05,5120.0
2011-12-06,5110.0
2011-12-07,5107.0
2011-12-08,5118.0
2011-12-09,5055.0
2011-12-12,5068.0
2011-12-13,5043.0
2011-12-14,5060.0
2011-12-15,5006.0
2011-12-16,5032.0
2011-12-19,5012.0
2011-12-20,5016.0
2011-12-21,5048.0
2011-12-22,5050.0
2011-12-23,5066.0
2011-12-26,5032.0
2011-12-27,5051.0
2011-12-28,5069.0
2011-12-29,5050.0
2011-12-30,5054.0
2012-01-04,5089.0
2012-01-05,5156.0
2012-01-06,5155.0
2012-01-09,5160.0
2012-01-10,5154.0
2012-01-11,5172.0
2012-01-12,5155.0
2012-01-13,5130.0
2012-01-16,5161.0
2012-01-17,5210.0
2012-01-18,5320.0
2012-01-19,5319.0
2012-01-20,5320.0
2012-01-30,5223.0
2012-01-31,5330.0
2012-02-01,5330.0
2012-02-02,5305.0
2012-02-03,5320.0
2012-02-06,5330.0
2012-02-07,5331.0
2012-02-08,5363.0
2012-02-09,5375.0
2012-02-10,5389.0
2012-02-13,5387.0
2012-02-14,5394.0
2012-02-15,5301.0
2012-02-16,5373.0
2012-02-17,5370.0
2012-02-20,5366.0
2012-02-21,5365.0
2012-02-22,5364.0
2012-02-23,5358.0
2012-02-24,5380.0
2012-02-27,5386.0
2012-02-28,5384.0
2012-02-29,5428.0
2012-03-01,5410.0
2012-03-02,5416.0
2012-03-05,5422.0
2012-03-06,5439.0
2012-03-07,5435.0
2012-03-08,5445.0
2012-03-09,5468.0
2012-03-12,5465.0
2012-03-13,5470.0
2012-03-14,5466.0
2012-03-15,5468.0
2012-03-16,5472.0
2012-03-19,5489.0
2012-03-20,5468.0
2012-03-21,5426.0
2012-03-22,5453.0
2012-03-23,5475.0
2012-03-26,5488.0
2012-03-27,5610.0
2012-03-28,5615.0
2012-03-29,5544.0
2012-03-30,5540.0
2012-04-05,5549.0
2012-04-06,5545.0
2012-04-09,5499.0
2012-04-10,5466.0
2012-04-11,5499.0
2012-04-12,5529.0
2012-04-13,5477.0
2012-04-16,5458.0
2012-04-17,5475.0
2012-04-18,5512.0
2012-04-19,5494.0
2012-04-20,5506.0
2012-04-23,5505.0
2012-04-24,5473.0
2012-04-25,5482.0
2012-04-26,5443.0
2012-04-27,5435.0
2012-05-02,5458.0
2012-05-03,5412.0
2012-05-04,5440.0
2012-05-07,5305.0
2012-05-08,5304.0
2012-05-09,5299.0
2012-05-10,5326.0
2012-05-11,5220.0
2012-05-14,5218.0
2012-05-15,5241.0
2012-05-16,5140.0
2012-05-17,5178.0
2012-05-18,5120.0
2012-05-21,5150.0
2012-05-22,5143.0
2012-05-23,5080.0
2012-05-24,5117.0
2012-05-25,5080.0
2012-05-28,5061.0
2012-05-29,5023.0
2012-05-30,4950.0
2012-05-31,4860.0
2012-06-01,4834.0
2012-06-04,4666.0
2012-06-05,4700.0
2012-06-06,4637.0
2012-06-07,4700.0
2012-06-08,4655.0
2012-06-11,4749.0
2012-06-12,4700.0
2012-06-13,4750.0
2012-06-14,4730.0
2012-06-15,4745.0
2012-06-18,4741.0
2012-06-19,4728.0
2012-06-20,4712.0
2012-06-21,4630.0
2012-06-25,4621.0
2012-06-26,4629.0
2012-06-27,4611.0
2012-06-28,4681.0
2012-06-29,4627.0
2012-07-02,4683.0
2012-07-03,4699.0
2012-07-04,4712.0
2012-07-05,4703.0
2012-07-06,4709.0
2012-07-09,4745.0
2012-07-10,4720.0
2012-07-11,4704.0
2012-07-12,4699.0
2012-07-13,4689.0
2012-07-16,4704.0
2012-07-17,4745.0
2012-07-18,4749.0
2012-07-19,4782.0
2012-07-20,4809.0
2012-07-23,4781.0
2012-07-24,4795.0
2012-07-25,4792.0
2012-07-26,4799.0
2012-07-27,4795.0
2012-07-30,4786.0
2012-07-31,4792.0
2012-08-01,4800.0
2012-08-02,4815.0
2012-08-03,4895.0
2012-08-06,4895.0
2012-08-07,4964.0
2012-08-08,4933.0
2012-08-09,4926.0
2012-08-10,4910.0
2012-08-13,4910.0
2012-08-14,4979.0
2012-08-15,4998.0
2012-08-16,4920.0
2012-08-17,4949.0
2012-08-20,4921.0
2012-08-21,4926.0
2012-08-22,4929.0
2012-08-23,4935.0
2012-08-24,4935.0
2012-08-27,4976.0
2012-08-28,4924.0
2012-08-29,4920.0
2012-08-30,4916.0
2012-08-31,4888.0
2012-09-03,4948.0
2012-09-04,4950.0
2012-09-05,4900.0
2012-09-06,4907.0
2012-09-07,4921.0
2012-09-10,4896.0
2012-09-11,4936.0
2012-09-12,5016.0
2012-09-13,5029.0
2012-09-14,5036.0
2012-09-17,5030.0
2012-09-18,4999.0
2012-09-19,5001.0
2012-09-20,4951.0
2012-09-21,4931.0
2012-09-24,4925.0
2012-09-25,4913.0
2012-09-26,4922.0
2012-09-27,4901.0
2012-09-28,4941.0
2012-10-08,4900.0
2012-10-09,4915.0
2012-10-10,4944.0
2012-10-11,4953.0
2012-10-12,4955.0
2012-10-15,4930.0
2012-10-16,4969.0
2012-10-17,4950.0
2012-10-18,4947.0
2012-10-19,4939.0
2012-10-22,4909.0
2012-10-23,4917.0
2012-10-24,4901.0
2012-10-25,4927.0
2012-10-26,4899.0
2012-10-29,4900.0
2012-10-30,4902.0
2012-10-31,4914.0
2012-11-01,4897.0
2012-11-02,4897.0
2012-11-05,4877.0
2012-11-06,4897.0
2012-11-07,4960.0
2012-11-08,4950.0
2012-11-09,4950.0
2012-11-12,4937.0
2012-11-13,4939.0
2012-11-14,4945.0
2012-11-15,4939.0
2012-11-16,4925.0
2012-11-19,5015.0
2012-11-20,4993.0
2012-11-21,4964.0
2012-11-22,4952.0
2012-11-23,4952.0
2012-11-26,4980.0
2012-11-27,4950.0
2012-11-28,4954.0
2012-11-29,4900.0
2012-11-30,4949.0
2012-12-03,4998.0
2012-12-04,5010.0
2012-12-05,4970.0
2012-12-06,5003.0
2012-12-07,5006.0
2012-12-10,5007.0
2012-12-11,5007.0
2012-12-12,4962.0
2012-12-13,4912.0
2012-12-14,4956.0
2012-12-17,4991.0
2012-12-18,5002.0
2012-12-19,5020.0
2012-12-20,5020.0
2012-12-21,5043.0
2012-12-24,5111.0
2012-12-25,5051.0
2012-12-26,5045.0
2012-12-27,5025.0
2012-12-28,5010.0
2012-12-31,5010.0
2013-01-04,5041.0
2013-01-07,5089.0
2013-01-08,5133.0
2013-01-09,5133.0
2013-01-10,5099.0
2013-01-11,5060.0
2013-01-14,5082.0
2013-01-15,5082.0
2013-01-16,5119.0
2013-01-17,5118.0
2013-01-18,5134.0
2013-01-21,5169.0
2013-01-22,5123.0
2013-01-23,5115.0
2013-01-24,5133.0
2013-01-25,5067.0
2013-01-28,5100.0
2013-01-29,5151.0
2013-01-30,5220.0
2013-01-31,5204.0
2013-02-01,5225.0
2013-02-04,5300.0
2013-02-05,5232.0
2013-02-06,5225.0
2013-02-07,5225.0
2013-02-08,5243.0
2013-02-18,5197.0
2013-02-19,5218.0
2013-02-20,5213.0
2013-02-21,5190.0
2013-02-22,5192.0
2013-02-25,5170.0
2013-02-26,5170.0
2013-02-27,5189.0
2013-02-28,5180.0
2013-03-01,5171.0
2013-03-04,5135.0
2013-03-05,5150.0
2013-03-06,5150.0
2013-03-07,5155.0
2013-03-08,5168.0
2013-03-11,5164.0
2013-03-12,5157.0
2013-03-13,5157.0
2013-03-14,5179.0
2013-03-15,5175.0
2013-03-18,5153.0
2013-03-19,5186.0
2013-03-20,5186.0
2013-03-21,5175.0
2013-03-22,5126.0
2013-03-25,5150.0
2013-03-26,5150.0
2013-03-27,5153.0
2013-03-28,5153.0
2013-03-29,5145.0
2013-04-01,5115.0
2013-04-02,5115.0
2013-04-03,5124.0
2013-04-08,5140.0
2013-04-09,5140.0
2013-04-10,5140.0
2013-04-11,5140.0
2013-04-12,5140.0
2013-04-15,4950.0
2013-04-16,4790.0
2013-04-17,4790.0
2013-04-18,4790.0
2013-04-19,4560.0
2013-04-22,4560.0
2013-04-23,4830.0
2013-04-24,5071.0
2013-04-25,5071.0
2013-04-26,5071.0
2013-05-02,5000.0
2013-05-03,5000.0
2013-05-06,5040.0
2013-05-07,5040.0
2013-05-08,5040.0
2013-05-09,5161.0
2013-05-10,4950.0
2013-05-13,5000.0
2013-05-14,4950.0
2013-05-15,4925.0
2013-05-16,4925.0
2013-05-17,4925.0
2013-05-20,4934.0
2013-05-21,4980.0
2013-05-22,4977.0
2013-05-23,4977.0
2013-05-24,4954.0
2013-05-27,4954.0
2013-05-28,4954.0
2013-05-29,4954.0
2013-05-30,4954.0
2013-05-31,4954.0
2013-06-03,4954.0
2013-06-04,4954.0
2013-06-05,4954.0
2013-06-06,4760.0
2013-06-07,4750.0
2013-06-13,4792.0
2013-06-14,4774.0
2013-06-17,4668.0
2013-06-18,4756.0
2013-06-19,4764.0
2013-06-20,4764.0
2013-06-21,4695.0
2013-06-24,4695.0
2013-06-25,4962.0
2013-06-26,4962.0
2013-06-27,4744.0
2013-06-28,4744.0
2013-07-01,4856.0
2013-07-02,5080.0
2013-07-03,4744.0
2013-07-04,4744.0
2013-07-05,4744.0
2013-07-08,4744.0
2013-07-09,4744.0
2013-07-10,4744.0
2013-07-11,4744.0
2013-07-12,4744.0
2013-07-15,4744.0
2013-07-16,4744.0
2013-07-17,4744.0
2013-07-18,4744.0
2013-07-19,4744.0
2013-07-22,4744.0
2013-07-23,4650.0
2013-07-24,4720.0
2013-07-25,4720.0
2013-07-26,4640.0
2013-07-29,4640.0
2013-07-30,4640.0
2013-07-31,4640.0
2013-08-01,4600.0
2013-08-02,4600.0
2013-08-05,4600.0
2013-08-06,4600.0
2013-08-07,4600.0
2013-08-08,4600.0
2013-08-09,4600.0
2013-08-12,4600.0
2013-08-13,4599.0
2013-08-14,4505.0
2013-08-15,4505.0
2013-08-16,4552.0
2013-08-19,4552.0
2013-08-20,4552.0
2013-08-21,4552.0
2013-08-22,4779.0
2013-08-23,4778.0
2013-08-26,4487.0
2013-08-27,4487.0
2013-08-28,4361.0
2013-08-29,4430.0
2013-08-30,4430.0
2013-09-02,4338.0
2013-09-03,4350.0
2013-09-04,4449.0
2013-09-05,4298.0
2013-09-06,4298.0
2013-09-09,4271.0
2013-09-10,4131.0
2013-09-11,4173.0
2013-09-12,4318.0
2013-09-13,4318.0
2013-09-16,4276.0
2013-09-17,4276.0
2013-09-18,4297.0
2013-09-23,3919.0
2013-09-24,4190.0
2013-09-25,4190.0
2013-09-26,3906.0
2013-09-27,4063.0
2013-09-30,4017.0
2013-10-08,4065.0
2013-10-09,4065.0
2013-10-10,4189.0
2013-10-11,4189.0
2013-10-14,4189.0
2013-10-15,4189.0
2013-10-16,4189.0
2013-10-17,4189.0
2013-10-18,4189.0
2013-10-21,4189.0
2013-10-22,4189.0
2013-10-23,4189.0
2013-10-24,4189.0
2013-10-25,4189.0
2013-10-28,4343.0
2013-10-29,4343.0
2013-10-30,4324.0
2013-10-31,4356.0
2013-11-01,4312.0
2013-11-04,4312.0
2013-11-05,4312.0
2013-11-06,4312.0
2013-11-07,4312.0
2013-11-08,4312.0
2013-11-11,4312.0
2013-11-12,4312.0
2013-11-13,4312.0
2013-11-14,4312.0
2013-11-15,4303.0
2013-11-18,4303.0
2013-11-19,4228.0
2013-11-21,4461.0
2013-11-22,4461.0
2013-11-25,4461.0
2013-11-26,4461.0
2013-11-27,4461.0
2013-11-28,4308.0
2013-11-29,4308.0
2013-12-02,4330.0
2013-12-03,4546.0
2013-12-04,4771.0
2013-12-05,4771.0
2013-12-06,4447.0
2013-12-09,4150.0
2013-12-10,4150.0
2013-12-11,4199.0
2013-12-12,4199.0
2013-12-13,4182.0
2013-12-16,4182.0
2013-12-17,4182.0
2013-12-18,4554.0
2013-12-19,4554.0
2013-12-20,4554.0
2013-12-23,4554.0
2013-12-24,4554.0
2013-12-25,4554.0
2013-12-26,4554.0
2013-12-27,4554.0
2013-12-30,4554.0
2013-12-31,4151.0
2014-01-02,4151.0
2014-01-03,4480.0
2014-01-06,4480.0
2014-01-07,4463.0
2014-01-08,4463.0
2014-01-09,4463.0
2014-01-10,4463.0
2014-01-13,4463.0
2014-01-14,4609.0
2014-01-15,4609.0
2014-01-17,4609.0
2014-01-20,4609.0
2014-01-21,4652.0
2014-01-22,4571.0
2014-01-24,4571.0
2014-01-27,4571.0
2014-01-28,4571.0
2014-01-29,4571.0
2014-01-30,4571.0
2014-02-07,4571.0
2014-02-10,4100.0
2014-02-11,4100.0
2014-02-12,4100.0
2014-02-13,4100.0
2014-02-14,4100.0
2014-02-17,4100.0
2014-02-18,4100.0
2014-02-19,4100.0
2014-02-20,4100.0
2014-02-21,4100.0
2014-02-24,4100.0
2014-02-25,4100.0
2014-02-26,4100.0
2014-02-27,4100.0
2014-02-28,4100.0
2014-03-03,4200.0
2014-03-04,4200.0
2014-03-05,4200.0
2014-03-06,3990.0
2014-03-10,3990.0
2014-03-11,3990.0
2014-03-12,3790.0
2014-03-14,4213.0
2014-03-17,4015.0
2014-03-18,3831.0
2014-03-19,3716.0
2014-03-20,3845.0
2014-03-21,3739.0
2014-03-24,3739.0
2014-03-25,3860.0
2014-03-26,3851.0
2014-03-27,3841.0
2014-03-28,3841.0
2014-03-31,3855.0
2014-04-01,3941.0
2014-04-02,3941.0
2014-04-03,3941.0
2014-04-04,3941.0
2014-04-08,3941.0
2014-04-09,3941.0
2014-04-10,3941.0
2014-04-11,3744.0
2014-04-14,3566.0
2014-04-15,3598.0
2014-04-16,3598.0
2014-04-17,3621.0
2014-04-18,3621.0
2014-04-21,3621.0
2014-04-22,3621.0
2014-04-23,3621.0
2014-04-24,3613.0
2014-04-25,3614.0
2014-04-28,3614.0
2014-04-29,3614.0
2014-04-30,3614.0
2014-05-01,3614.0
2014-05-05,4023.0
2014-05-06,4023.0
2014-05-07,4023.0
2014-05-08,4023.0
2014-05-09,4023.0
2014-05-12,4023.0
2014-05-13,4023.0
2014-05-14,4023.0
2014-05-15,4023.0
2014-05-16,4023.0
2014-05-19,4219.0
2014-05-20,4219.0
2014-05-21,3708.0
2014-05-22,4008.0
2014-05-23,3928.0
2014-05-26,3928.0
2014-05-27,3950.0
2014-05-28,3898.0
2014-05-29,3883.0
2014-05-30,3715.0
2014-06-02,3807.0
2014-06-03,3899.0
2014-06-04,3899.0
2014-06-05,3750.0
2014-06-06,3738.0
2014-06-09,3738.0
2014-06-10,3738.0
2014-06-11,3738.0
2014-06-12,3738.0
2014-06-13,3738.0
2014-06-16,3738.0
2014-06-17,3738.0
2014-06-18,3738.0
2014-06-19,3570.0
2014-06-20,3570.0
2014-06-23,3700.0
2014-06-24,3700.0
2014-06-25,3700.0
2014-06-26,3700.0
2014-06-27,3700.0
2014-06-30,3700.0
2014-07-01,3749.0
2014-07-02,3749.0
2014-07-03,3749.0
2014-07-04,3749.0
2014-07-07,3620.0
2014-07-08,3620.0
2014-07-09,3620.0
2014-07-10,3501.0
2014-07-11,3501.0
2014-07-14,3501.0
2014-07-15,3401.0
2014-07-16,3401.0
2014-07-17,3385.0
2014-07-18,3385.0
2014-07-21,3385.0
2014-07-22,3428.0
2014-07-23,3428.0
2014-07-24,3381.0
2014-07-25,3547.0
2014-07-28,3559.0
2014-07-29,3771.0
2014-07-30,3771.0
2014-07-31,3381.0
2014-08-01,3381.0
2014-08-04,3453.0
2014-08-05,3453.0
2014-08-06,3453.0
2014-08-07,3453.0
2014-08-08,3453.0
2014-08-11,3453.0
2014-08-12,3116.0
2014-08-13,3000.0
2014-08-14,3000.0
2014-08-15,3009.0
2014-08-18,3002.0
2014-08-19,3000.0
2014-08-20,3000.0
2014-08-21,2850.0
2014-08-22,2622.0
2014-08-25,2501.0
2014-08-26,2306.0
2014-08-27,2300.0
2014-08-28,2300.0
2014-08-29,2857.0
2014-09-01,2850.0
2014-09-02,3056.0
2014-09-03,3062.0
2014-09-04,3184.0
2014-09-05,3184.0
2014-09-09,3124.0
2014-09-10,3124.0
2014-09-11,3150.0
2014-09-12,3053.0
2014-09-15,3053.0
2014-09-16,2971.0
2014-09-17,3083.0
2014-09-18,3083.0
2014-09-19,3000.0
2014-09-22,3000.0
2014-09-23,3000.0
2014-09-24,3000.0
2014-09-25,3000.0
2014-09-26,3000.0
2014-09-29,3000.0
2014-09-30,2980.0
2014-10-08,3087.0
2014-10-09,3060.0
2014-10-10,3060.0
2014-10-13,3060.0
2014-10-14,3180.0
2014-10-15,3073.0
2014-10-16,3193.0
2014-10-17,3193.0
2014-10-20,3092.0
2014-10-21,3092.0
2014-10-22,3198.0
2014-10-23,3197.0
2014-10-24,3161.0
2014-10-27,3161.0
2014-10-28,3149.0
2014-10-29,3149.0
2014-10-30,3149.0
2014-10-31,3149.0
2014-11-03,3149.0
2014-11-04,3149.0
2014-11-05,3149.0
2014-11-06,3129.0
2014-11-07,3273.0
2014-11-10,3082.0
2014-11-11,3103.0
2014-11-12,3136.0
2014-11-13,3242.0
2014-11-14,3185.0
2014-11-17,3266.0
2014-11-18,3185.0
2014-11-19,3211.0
2014-11-20,3211.0
2014-11-21,3211.0
2014-11-24,3211.0
2014-11-25,3310.0
2014-11-26,3379.0
2014-11-27,3379.0
2014-11-28,3280.0
2014-12-01,3160.0
2014-12-02,3312.0
2014-12-03,3282.0
2014-12-04,3117.0
2014-12-05,3186.0
2014-12-08,3186.0
2014-12-09,3309.0
2014-12-10,3309.0
2014-12-11,3309.0
2014-12-12,3200.0
2014-12-15,3200.0
2014-12-16,3333.0
2014-12-17,3121.0
2014-12-18,3013.0
2014-12-19,3189.0
2014-12-22,3100.0
2014-12-23,3000.0
2014-12-24,3000.0
2014-12-25,3000.0
2014-12-26,3000.0
2014-12-29,3000.0
2014-12-30,3150.0
2014-12-31,2979.0
2015-01-05,2979.0
2015-01-06,2979.0
2015-01-07,2979.0
2015-01-08,2979.0
2015-01-09,2979.0
2015-01-12,2979.0
2015-01-13,2979.0
2015-01-14,2979.0
2015-01-15,2980.0
2015-01-16,2980.0
2015-01-19,2978.0
2015-01-20,2978.0
2015-01-21,2798.0
2015-01-22,2952.0
2015-01-23,2851.0
2015-01-26,2796.0
2015-01-27,2869.0
2015-01-28,2869.0
2015-01-29,2869.0
2015-01-30,2869.0
2015-02-02,2960.0
2015-02-03,2960.0
2015-02-04,3200.0
2015-02-05,3333.0
2015-02-06,3270.0
2015-02-09,3328.0
2015-02-10,2828.0
2015-02-11,2828.0
2015-02-12,2969.0
2015-02-13,3117.0
2015-02-16,3340.0
2015-02-17,3460.0
2015-02-25,3418.0
2015-02-26,3400.0
2015-02-27,3395.0
2015-03-02,3497.0
2015-03-03,3569.0
2015-03-04,3581.0
2015-03-05,3706.0
2015-03-06,3828.0
2015-03-09,3988.0
2015-03-10,3836.0
2015-03-11,3864.0
2015-03-12,3610.0
2015-03-13,3507.0
2015-03-16,3268.0
2015-03-17,3196.0
2015-03-18,3181.0
2015-03-19,3280.0
2015-03-20,3221.0
2015-03-23,3300.0
2015-03-24,3265.0
2015-03-25,3266.0
2015-03-26,3370.0
2015-03-27,3313.0
2015-03-30,3215.0
2015-03-31,3230.0
2015-04-01,3203.0
2015-04-02,3244.0
2015-04-03,3235.0
2015-04-07,3306.0
2015-04-08,3310.0
2015-04-09,3275.0
2015-04-10,3258.0
2015-04-13,3281.0
2015-04-14,3277.0
2015-04-15,3279.0
2015-04-16,3288.0
2015-04-17,3359.0
2015-04-20,3349.0
2015-04-21,3343.0
2015-04-22,3333.0
2015-04-23,3346.0
2015-04-24,3352.0
2015-04-27,3382.0
2015-04-28,3423.0
2015-04-29,3422.0
2015-04-30,3431.0
2015-05-04,3582.0
2015-05-05,3640.0
2015-05-06,3726.0
2015-05-07,3549.0
2015-05-08,3288.0
2015-05-11,3412.0
2015-05-12,3290.0
2015-05-13,3369.0
2015-05-14,3349.0
2015-05-15,3210.0
2015-05-18,3247.0
2015-05-19,3157.0
2015-05-20,3017.0
2015-05-21,3002.0
2015-05-22,2857.0
2015-05-25,2849.0
2015-05-26,2936.0
2015-05-27,3111.0
2015-05-28,3100.0
2015-05-29,3100.0
2015-06-02,3395.0
2015-06-03,3395.0
2015-06-04,3395.0
2015-06-05,3395.0
2015-06-08,3395.0
2015-06-09,3395.0
2015-06-10,3395.0
2015-06-11,3395.0
2015-06-12,3395.0
2015-06-15,3395.0
2015-06-16,3300.0
2015-06-17,3258.0
2015-06-18,3232.0
2015-06-19,3222.0
2015-06-23,2945.0
2015-06-24,3110.0
2015-06-25,2995.0
2015-06-26,2910.0
2015-06-29,2910.0
2015-06-30,2910.0
2015-07-01,2838.0
2015-07-02,2790.0
2015-07-03,2715.0
2015-07-06,2621.0
2015-07-07,2519.0
2015-07-08,2519.0
2015-07-09,2589.0
2015-07-10,2522.0
2015-07-13,2522.0
2015-07-14,2492.0
2015-07-15,2492.0
2015-07-16,2453.0
2015-07-17,2480.0
2015-07-20,2415.0
2015-07-21,2429.0
2015-07-22,2359.0
2015-07-23,2338.0
2015-07-24,2262.0
2015-07-27,2287.0
2015-07-28,2252.0
2015-07-29,2287.0
2015-07-30,2220.0
2015-07-31,2205.0
2015-08-03,2120.0
2015-08-04,2145.0
2015-08-05,2098.0
2015-08-06,2098.0
2015-08-07,2143.0
2015-08-10,2222.0
2015-08-11,2215.0
2015-08-12,2240.0
2015-08-13,2239.0
2015-08-14,2191.0
2015-08-17,2199.0
2015-08-18,2059.0
2015-08-19,2039.0
2015-08-20,2040.0
2015-08-21,2019.0
2015-08-24,1906.0
2015-08-25,1765.0
2015-08-26,1758.0
2015-08-27,1758.0
2015-08-28,1759.0
2015-08-31,1846.0
2015-09-02,1996.0
2015-09-03,1975.0
2015-09-07,1996.0
2015-09-08,2061.0
2015-09-09,2135.0
2015-09-10,2198.0
2015-09-11,2173.0
2015-09-14,2098.0
2015-09-15,2493.0
2015-09-16,2100.0
2015-09-17,2100.0
2015-09-18,2101.0
2015-09-21,2130.0
2015-09-22,2200.0
2015-09-23,2204.0
2015-09-24,2257.0
2015-09-25,2190.0
2015-09-28,2389.0
2015-09-29,2389.0
2015-09-30,2508.0
2015-10-08,2309.0
2015-10-09,2472.0
2015-10-12,2472.0
2015-10-13,2472.0
2015-10-14,2472.0
2015-10-15,2472.0
2015-10-16,2472.0
2015-10-19,2472.0
2015-10-20,2472.0
2015-10-21,2472.0
2015-10-22,2472.0
2015-10-23,2472.0
2015-10-26,2472.0
2015-10-27,2472.0
2015-10-28,2472.0
2015-10-29,2472.0
2015-10-30,2472.0
2015-11-02,2472.0
2015-11-03,2472.0
2015-11-04,2472.0
2015-11-05,2472.0
2015-11-06,2472.0
2015-11-09,2472.0
2015-11-10,2472.0
2015-11-11,2472.0
2015-11-12,2472.0
2015-11-13,2472.0
2015-11-16,2472.0
2015-11-17,2472.0
2015-11-18,2472.0
2015-11-19,2472.0
2015-11-20,2472.0
2015-11-23,2472.0
2015-11-24,2472.0
2015-11-25,2472.0
2015-11-26,2472.0
2015-11-27,2472.0
2015-11-30,2472.0
2015-12-01,2472.0
2015-12-02,2472.0
2015-12-03,2472.0
2015-12-04,2472.0
2015-12-07,2472.0
2015-12-08,2472.0
2015-12-09,2472.0
2015-12-10,2472.0
2015-12-11,2472.0
2015-12-14,2472.0
2015-12-15,2472.0
2015-12-16,2472.0
2015-12-17,2472.0
2015-12-18,2472.0
2015-12-21,2472.0
2015-12-22,2472.0
2015-12-23,2472.0
2015-12-24,2472.0
2015-12-25,2524.0
2015-12-28,2578.0
2015-12-29,2535.0
2015-12-30,2472.0
2015-12-31,2472.0
2016-01-04,2472.0
2016-01-05,2472.0
2016-01-06,2472.0
2016-01-07,2472.0
2016-01-08,2452.0
2016-01-11,2565.0
2016-01-12,2564.0
2016-01-13,2472.0
2016-01-14,2472.0
2016-01-15,2472.0
2016-01-18,2472.0
2016-01-19,2472.0
2016-01-20,2472.0
2016-01-21,2472.0
2016-01-22,2472.0
2016-01-25,2472.0
2016-01-26,2472.0
2016-01-27,2472.0
2016-01-28,2472.0
2016-01-29,2472.0
2016-02-01,2472.0
2016-02-02,2472.0
2016-02-03,2472.0
2016-02-04,2472.0
2016-02-05,2561.0
2016-02-15,2599.0
2016-02-16,2599.0
2016-02-17,2520.0
2016-02-18,2472.0
2016-02-19,2472.0
2016-02-22,2472.0
2016-02-23,2472.0
2016-02-24,2472.0
2016-02-25,2472.0
2016-02-26,2472.0
2016-02-29,2472.0
2016-03-01,2472.0
2016-03-02,2472.0
2016-03-03,2472.0
2016-03-04,2472.0
2016-03-07,2472.0
2016-03-08,2472.0
2016-03-09,2472.0
2016-03-10,2472.0
2016-03-11,2472.0
2016-03-14,2472.0
2016-03-15,2472.0
2016-03-16,2472.0
2016-03-17,2472.0
2016-03-18,2472.0
2016-03-21,2472.0
2016-03-22,2472.0
2016-03-23,2472.0
2016-03-24,2472.0
2016-03-25,2472.0
2016-03-28,2472.0
2016-03-29,2472.0
2016-03-30,2472.0
2016-03-31,2369.0
2016-04-01,2472.0
2016-04-05,2410.0
2016-04-06,2444.0
2016-04-07,2461.0
2016-04-08,2461.0
2016-04-11,2430.0
2016-04-12,2484.0
2016-04-13,2484.0
2016-04-14,2484.0
2016-04-15,2484.0
2016-04-18,2484.0
2016-04-19,2484.0
2016-04-20,2484.0
2016-04-21,2484.0
2016-04-22,2484.0
2016-04-25,2484.0
2016-04-26,2484.0
2016-04-27,2484.0
2016-04-28,2484.0
2016-04-29,2499.0
2016-05-03,2380.0
2016-05-04,2380.0
2016-05-05,2380.0
2016-05-06,2390.0
2016-05-09,2390.0
2016-05-10,2389.0
2016-05-11,2339.0
2016-05-12,2339.0
2016-05-13,2339.0
2016-05-16,2340.0
2016-05-17,2410.0
2016-05-18,2528.0
2016-05-19,2560.0
2016-05-20,2561.0
2016-05-23,2561.0
2016-05-24,2433.0
2016-05-25,2601.0
2016-05-26,2579.0
2016-05-27,2575.0
2016-05-30,2596.0
2016-05-31,2596.0
2016-06-01,2579.0
2016-06-02,2567.0
2016-06-03,2598.0
2016-06-06,2594.0
2016-06-07,2621.0
2016-06-08,2613.0
2016-06-13,2632.0
2016-06-14,2617.0
2016-06-15,2595.0
2016-06-16,2592.0
2016-06-17,2615.0
2016-06-20,2593.0
2016-06-21,2617.0
2016-06-22,2626.0
2016-06-23,2594.0
2016-06-24,2594.0
2016-06-27,2594.0
2016-06-28,2598.0
2016-06-29,2598.0
2016-06-30,2613.0
2016-07-01,2631.0
2016-07-04,2550.0
2016-07-05,2592.0
2016-07-06,2592.0
2016-07-07,2592.0
2016-07-08,2592.0
2016-07-11,2592.0
2016-07-12,2592.0
2016-07-13,2592.0
2016-07-14,2592.0
2016-07-15,2592.0
2016-07-18,2592.0
2016-07-19,2592.0
2016-07-20,2592.0
2016-07-21,2592.0
2016-07-22,2592.0
2016-07-25,2592.0
2016-07-26,2592.0
2016-07-27,2592.0
2016-07-28,2592.0
2016-07-29,2592.0
2016-08-01,2592.0
2016-08-02,2592.0
2016-08-03,2592.0
2016-08-04,2592.0
2016-08-05,2592.0
2016-08-08,2592.0
2016-08-09,2592.0
2016-08-10,2592.0
2016-08-11,2592.0
2016-08-12,2592.0
2016-08-15,2592.0
2016-08-16,2592.0
2016-08-17,2592.0
2016-08-18,2592.0
2016-08-19,2592.0
2016-08-22,2592.0
2016-08-23,2592.0
2016-08-24,2592.0
2016-08-25,2592.0
2016-08-26,2592.0
2016-08-29,2592.0
2016-08-30,2592.0
2016-08-31,2592.0
2016-09-01,2592.0
2016-09-02,2592.0
2016-09-05,2592.0
2016-09-06,2592.0
2016-09-07,2592.0
2016-09-08,2592.0
2016-09-09,2592.0
2016-09-12,2592.0
2016-09-13,2685.0
2016-09-14,2592.0
2016-09-19,2592.0
2016-09-20,2592.0
2016-09-21,2592.0
2016-09-22,2592.0
2016-09-23,2592.0
2016-09-26,2592.0
2016-09-27,2592.0
2016-09-28,2592.0
2016-09-29,2592.0
2016-09-30,2592.0
2016-10-10,2592.0
2016-10-11,2592.0
2016-10-12,2592.0
2016-10-13,2592.0
2016-10-14,2592.0
2016-10-17,2592.0
2016-10-18,2592.0
2016-10-19,2592.0
2016-10-20,2592.0
2016-10-21,2592.0
2016-10-24,2592.0
2016-10-25,2592.0
2016-10-26,2592.0
2016-10-27,2592.0
2016-10-28,2592.0
2016-10-31,2592.0
2016-11-02,2518.0
2016-11-03,2533.0
2016-11-04,2546.0
2016-11-07,2546.0
2016-11-08,2430.0
2016-11-09,2372.0
2016-11-10,2609.0
2016-11-11,2927.0
2016-11-14,2860.0
2016-11-15,2818.0
2016-11-16,3035.0
2016-11-17,2998.0
2016-11-18,3000.0
2016-11-21,3017.0
2016-11-22,3036.0
2016-11-23,3033.0
2016-11-24,3035.0
2016-11-25,3166.0
2016-11-28,3280.0
2016-11-29,3269.0
2016-11-30,3320.0
2016-12-01,3425.0
2016-12-02,3576.0
2016-12-05,3727.0
2016-12-06,3818.0
2016-12-07,3973.0
2016-12-08,4124.0
2016-12-09,4209.0
2016-12-12,4400.0
2016-12-13,4575.0
2016-12-14,4502.0
2016-12-15,4294.0
2016-12-16,4081.0
2016-12-19,4133.0
2016-12-20,4082.0
2016-12-21,4140.0
2016-12-22,4003.0
2016-12-23,4104.0
2016-12-26,4179.0
2016-12-27,4212.0
2016-12-28,4421.0
2016-12-29,4472.0
2016-12-30,4487.0
2017-01-03,4100.0
2017-01-04,4345.0
2017-01-05,4326.0
2017-01-06,4396.0
2017-01-09,4450.0
2017-01-10,4230.0
2017-01-11,4260.0
2017-01-12,4267.0
2017-01-13,4345.0
2017-01-16,4364.0
2017-01-17,4399.0
2017-01-18,4464.0
2017-01-19,4479.0
2017-01-20,4413.0
2017-01-23,4393.0
2017-01-24,4414.0
2017-01-25,4414.0
2017-01-26,4442.0
2017-02-03,4458.0
2017-02-06,4458.0
2017-02-07,4453.0
2017-02-08,4477.0
2017-02-09,4476.0
2017-02-10,4512.0
2017-02-13,4521.0
2017-02-14,4521.0
2017-02-15,4227.0
2017-02-16,4084.0
2017-02-17,4084.0
2017-02-20,4015.0
2017-02-21,3839.0
2017-02-22,3839.0
2017-02-23,3866.0
2017-02-24,3899.0
2017-02-27,3857.0
2017-02-28,3918.0
2017-03-01,3920.0
2017-03-02,3920.0
2017-03-03,3755.0
2017-03-07,3347.0
2017-03-08,3825.0
2017-03-09,3825.0
2017-03-10,3778.0
2017-03-13,3811.0
2017-03-14,3811.0
2017-03-15,3823.0
2017-03-16,3742.0
2017-03-20,3737.0
2017-03-21,3750.0
2017-03-22,3750.0
2017-03-23,3720.0
2017-03-24,3720.0
2017-03-27,3730.0
2017-03-29,3966.0
2017-03-30,3815.0
2017-03-31,3915.0
2017-04-06,3808.0
2017-04-07,3808.0
2017-04-10,3808.0
2017-04-11,3808.0
2017-04-12,3808.0
2017-04-13,3808.0
2017-04-14,3808.0
2017-04-17,3808.0
2017-04-18,3808.0
2017-04-19,3808.0
2017-04-20,3808.0
2017-04-21,3808.0
2017-04-24,3808.0
2017-04-25,3808.0
2017-04-26,3808.0
2017-04-27,3808.0
2017-04-28,3808.0
2017-05-02,3808.0
2017-05-03,3808.0
2017-05-04,3808.0
2017-05-05,3808.0
2017-05-08,3808.0
2017-05-09,3808.0
2017-05-10,3808.0
2017-05-11,3808.0
2017-05-12,3808.0
2017-05-15,3849.0
2017-05-16,3855.0
2017-05-17,3808.0
2017-05-18,3808.0
2017-05-19,3808.0
2017-05-22,3808.0
2017-05-26,3808.0
2017-05-31,3808.0
2017-06-01,3808.0
2017-06-02,3808.0
2017-06-05,3808.0
2017-06-06,3808.0
2017-06-07,3808.0
2017-06-08,3808.0
2017-06-09,3808.0
2017-06-12,3808.0
2017-06-13,3808.0
2017-06-14,3808.0
2017-06-15,3987.0
2017-06-16,3987.0
2017-06-19,3864.0
2017-06-20,3808.0
2017-06-21,3808.0
2017-06-22,3808.0
2017-06-23,3808.0
2017-06-26,3808.0
2017-06-27,3808.0
2017-06-28,3808.0
2017-06-29,3808.0
2017-06-30,3808.0
2017-07-03,3808.0
2017-07-04,3808.0
2017-07-05,3808.0
2017-07-06,3808.0
2017-07-07,3808.0
2017-07-10,3808.0
2017-07-11,3808.0
2017-07-12,3808.0
2017-07-13,3818.0
2017-07-14,3732.0
2017-07-17,3732.0
2017-07-18,3829.0
2017-07-19,3805.0
2017-07-20,3805.0
2017-07-21,3840.0
2017-07-24,3840.0
2017-07-25,3745.0
2017-07-26,3808.0
2017-07-27,3808.0
2017-07-28,3808.0
2017-07-31,3808.0
2017-08-01,3808.0
2017-08-02,3890.0
2017-08-03,3753.0
2017-08-04,3753.0
2017-08-07,3726.0
2017-08-08,3726.0
2017-08-09,3765.0
2017-08-10,3756.0
2017-08-11,3823.0
2017-08-14,3860.0
2017-08-15,3866.0
2017-08-16,3879.0
2017-08-17,3879.0
2017-08-18,3930.0
2017-08-21,3991.0
2017-08-22,3991.0
2017-08-23,3950.0
2017-08-24,3938.0
2017-08-25,4204.0
2017-08-28,3938.0
2017-08-29,3938.0
2017-08-30,3938.0
2017-08-31,3938.0
2017-09-01,3938.0
2017-09-04,3929.0
2017-09-05,3929.0
2017-09-06,3929.0
2017-09-07,3929.0
2017-09-08,3929.0
2017-09-11,3929.0
2017-09-12,3929.0
2017-09-13,3929.0
2017-09-14,3929.0
2017-09-15,3929.0
2017-09-18,3929.0
2017-09-19,3929.0
2017-09-20,3929.0
2017-09-21,3929.0
2017-09-22,3929.0
2017-09-25,3929.0
2017-09-26,3765.0
2017-09-27,3765.0
2017-09-28,3765.0
2017-09-29,3765.0
2017-10-09,3748.0
2017-10-10,3748.0
2017-10-11,3748.0
2017-10-12,3748.0
2017-10-13,3748.0
2017-10-16,3748.0
2017-10-18,4024.0
2017-10-19,3748.0
2017-10-20,3748.0
2017-10-23,3748.0
2017-10-24,3748.0
2017-10-25,3748.0
2017-10-26,3748.0
2017-10-27,3748.0
2017-10-30,3748.0
2017-10-31,3748.0
2017-11-01,3748.0
2017-11-02,3748.0
2017-11-03,3748.0
2017-11-06,3748.0
2017-11-07,3748.0
2017-11-08,3748.0
2017-11-09,3748.0
2017-11-10,3748.0
2017-11-13,3748.0
2017-11-14,3748.0
2017-11-15,3748.0
2017-11-16,3748.0
2017-11-17,3748.0
2017-11-20,3748.0
2017-11-21,3748.0
2017-11-22,3748.0
2017-11-23,3748.0
2017-11-24,3748.0
2017-11-27,3748.0
2017-11-28,3748.0
2017-11-29,3748.0
2017-11-30,3748.0
2017-12-01,3748.0
2017-12-04,3748.0
2017-12-05,3748.0
2017-12-06,3748.0
2017-12-07,3748.0
2017-12-08,3748.0
2017-12-11,3748.0
2017-12-12,3748.0
2017-12-13,3748.0
2017-12-14,3748.0
2017-12-15,3748.0
2017-12-18,3748.0
2017-12-19,3748.0
2017-12-20,3748.0
2017-12-21,3748.0
2017-12-22,3748.0
2017-12-25,3748.0
2017-12-26,3748.0
2017-12-27,3748.0
2017-12-28,3748.0
2017-12-29,3748.0
2018-01-02,3748.0
2018-01-03,3748.0
2018-01-04,3748.0
2018-01-05,3748.0
2018-01-08,3748.0
2018-01-09,3748.0
2018-01-10,3748.0
2018-01-11,3748.0
2018-01-12,3748.0
2018-01-15,3748.0
2018-01-16,3748.0
2018-01-17,3748.0
2018-01-18,3748.0
2018-01-19,3748.0
2018-01-22,3748.0
2018-01-23,3748.0
2018-01-24,3748.0
2018-01-25,3748.0
2018-01-26,3748.0
2018-01-29,3748.0
2018-01-30,3748.0
2018-01-31,3748.0
2018-02-01,3748.0
2018-02-02,3748.0
2018-02-05,3748.0
2018-02-06,3748.0
2018-02-07,3748.0
2018-02-08,3748.0
2018-02-09,3748.0
2018-02-12,3748.0
2018-02-13,3748.0
2018-02-14,3748.0
2018-02-22,3748.0
2018-02-23,3748.0
2018-02-26,3748.0
2018-02-27,3748.0
2018-02-28,3748.0
2018-03-01,3748.0
2018-03-02,3748.0
2018-03-05,3748.0
2018-03-06,3748.0
2018-03-07,3748.0
2018-03-08,3748.0
2018-03-09,3748.0
2018-03-12,3748.0
2018-03-13,3748.0
2018-03-14,3748.0
2018-03-15,3748.0
2018-03-16,3748.0
2018-03-19,3748.0
2018-03-20,3748.0
2018-03-21,3748.0
2018-03-22,3748.0
2018-03-23,3748.0
2018-03-26,3748.0
2018-03-27,3748.0
2018-03-28,3748.0
2018-03-29,3748.0
2018-03-30,3748.0
2018-04-02,3748.0
2018-04-03,3748.0
2018-04-04,3748.0
2018-04-09,3748.0
2018-04-10,3748.0
2018-04-11,3748.0
2018-04-12,3748.0
2018-04-13,3748.0
2018-04-16,3748.0
2018-04-17,3748.0
2018-04-18,3748.0
2018-04-19,3748.0
2018-04-20,3748.0
2018-04-23,3748.0
2018-04-24,3748.0
2018-04-25,3748.0
2018-04-26,3748.0
2018-04-27,3748.0
2018-05-02,3748.0
2018-05-03,3748.0
2018-05-04,3748.0
2018-05-07,3748.0
2018-05-08,3748.0
2018-05-09,3748.0
2018-05-10,3748.0
2018-05-11,3846.0
2018-05-14,3846.0
2018-05-15,3846.0
2018-05-16,3846.0
2018-05-17,3846.0
2018-05-18,3846.0
2018-05-21,3846.0
2018-05-22,3846.0
2018-05-23,3846.0
2018-05-24,3846.0
2018-05-25,3846.0
2018-05-28,3846.0
2018-05-29,3846.0
2018-05-30,3846.0
2018-05-31,3846.0
2018-06-01,3846.0
2018-06-04,3846.0
2018-06-05,3846.0
2018-06-06,3846.0
2018-06-07,3846.0
2018-06-08,3846.0
2018-06-11,3846.0
2018-06-12,3846.0
2018-06-13,3846.0
2018-06-14,3846.0
2018-06-15,3846.0
2018-06-19,3846.0
2018-06-20,3846.0
2018-06-21,3846.0
2018-06-22,3846.0
2018-06-25,3846.0
2018-06-26,3846.0
2018-07-16,2994.0
2018-07-17,2869.0
2018-07-18,2881.0
2018-07-19,2929.0
2018-07-20,2987.0
2018-07-23,2987.0
2018-07-24,3062.0
2018-07-25,3116.0
2018-07-26,3134.0
2018-07-27,3134.0
2018-07-30,3151.0
2018-07-31,3140.0
2018-08-01,3089.0
2018-08-02,3098.0
2018-08-03,3177.0
2018-08-06,3170.0
2018-08-07,3249.0
2018-08-08,3192.0
2018-08-09,3172.0
2018-08-10,3141.0
2018-08-13,3175.0
2018-08-14,3170.0
2018-08-15,3154.0
2018-08-16,3025.0
2018-08-17,3013.0
2018-08-20,3032.0
2018-08-21,3052.0
2018-08-22,3089.0
2018-08-23,3120.0
2018-08-24,3159.0
2018-08-27,3126.0
2018-08-28,3136.0
2018-08-29,3094.0
2018-08-30,3188.0
2018-08-31,3199.0
2018-09-03,3158.0
2018-09-04,3156.0
2018-09-05,3107.0
2018-09-06,3102.0
2018-09-07,3095.0
2018-09-10,3143.0
2018-09-11,3121.0
2018-09-12,3188.0
2018-09-13,3167.0
2018-09-14,3115.0
2018-09-17,3127.0
2018-09-18,3114.0
2018-09-19,3173.0
2018-09-20,3193.0
2018-09-21,3171.0
2018-09-25,3273.0
2018-09-26,3327.0
2018-09-27,3357.0
2018-09-28,3371.0
2018-10-08,3470.0
2018-10-09,3648.0
2018-10-10,3650.0
2018-10-11,3482.0
2018-10-12,3514.0
2018-10-15,3500.0
2018-10-16,3426.0
2018-10-17,3503.0
2018-10-18,3462.0
2018-10-19,3467.0
2018-10-22,3568.0
2018-10-23,3523.0
2018-10-24,3466.0
2018-10-25,3432.0
2018-10-26,3495.0
2018-10-29,3469.0
2018-10-30,3526.0
2018-10-31,3469.0
2018-11-01,3415.0
2018-11-02,3406.0
2018-11-05,3427.0
2018-11-06,3458.0
2018-11-07,3493.0
2018-11-08,3480.0
2018-11-09,3400.0
2018-11-12,3392.0
2018-11-13,3333.0
2018-11-14,3171.0
2018-11-15,3206.0
2018-11-16,3215.0
2018-11-19,3051.0
2018-11-20,3034.0
2018-11-21,2916.0
2018-11-22,2913.0
2018-11-23,2838.0
2018-11-26,2774.0
2018-11-27,2753.0
2018-11-28,2816.0
2018-11-29,2704.0
2018-11-30,2709.0
2018-12-03,2742.0
2018-12-04,2786.0
2018-12-05,2780.0
2018-12-06,2750.0
2018-12-07,2688.0
2018-12-10,2760.0
2018-12-11,2702.0
2018-12-12,2726.0
2018-12-13,2664.0
2018-12-14,2664.0
2018-12-17,2645.0
2018-12-18,2580.0
2018-12-19,2486.0
2018-12-20,2478.0
2018-12-21,2504.0
2018-12-24,2502.0
2018-12-25,2349.0
2018-12-26,2335.0
2018-12-27,2428.0
2018-12-28,2402.0
2019-01-02,2372.0
2019-01-03,2408.0
2019-01-04,2492.0
2019-01-07,2526.0
2019-01-08,2528.0
2019-01-09,2564.0
2019-01-10,2638.0
2019-01-11,2646.0
2019-01-14,2583.0
2019-01-15,2620.0
2019-01-16,2636.0
2019-01-17,2623.0
2019-01-18,2698.0
2019-01-21,2740.0
2019-01-22,2711.0
2019-01-23,2726.0
2019-01-24,2707.0
2019-01-25,2710.0
2019-01-28,2664.0
2019-01-29,2649.0
2019-01-30,2688.0
2019-01-31,2763.0
2019-02-01,2715.0
2019-02-11,2820.0
2019-02-12,2840.0
2019-02-13,2891.0
2019-02-14,2944.0
2019-02-15,2919.0
2019-02-18,2968.0
2019-02-19,2941.0
2019-02-20,2913.0
2019-02-21,2948.0
2019-02-22,2957.0
2019-02-25,2866.0
2019-02-26,2808.0
2019-02-27,2854.0
2019-02-28,2897.0
2019-03-01,2982.0
2019-03-04,2918.0
2019-03-05,2937.0
2019-03-06,2945.0
2019-03-07,2930.0
2019-03-08,2855.0
2019-03-11,2902.0
2019-03-12,2937.0
2019-03-13,2961.0
2019-03-14,2947.0
2019-03-15,2907.0
2019-03-18,2874.0
2019-03-19,2821.0
2019-03-20,2862.0
2019-03-21,2907.0
2019-03-22,2858.0
2019-03-25,2772.0
2019-03-26,2796.0
2019-03-27,2818.0
2019-03-28,2835.0
2019-03-29,2841.0
2019-04-01,2827.0
2019-04-02,2865.0
2019-04-03,2867.0
2019-04-04,2861.0
2019-04-08,2879.0
2019-04-09,2875.0
2019-04-10,2836.0
2019-04-11,2847.0
2019-04-12,2877.0
2019-04-15,2851.0
2019-04-16,2789.0
2019-04-17,2819.0
2019-04-18,2777.0
2019-04-19,2848.0
2019-04-23,2911.0
2019-04-24,2890.0
2019-04-25,2984.0
2019-04-26,2959.0
2019-04-29,2872.0
2019-04-30,2884.0
2019-05-06,2755.0
2019-05-07,2837.0
2019-05-08,2796.0
2019-05-09,2801.0
2019-05-10,2821.0
2019-05-13,2875.0
2019-05-14,2815.0
2019-05-15,2793.0
2019-05-16,2846.0
2019-05-17,2908.0
2019-05-20,2974.0
2019-05-21,2920.0
2019-05-22,2868.0
2019-05-23,2781.0
2019-05-24,2719.0
2019-05-27,2709.0
2019-05-28,2742.0
2019-05-29,2744.0
2019-05-30,2751.0
2019-05-31,2620.0
2019-06-03,2536.0
2019-06-04,2538.0
2019-06-05,2557.0
2019-06-06,2538.0
2019-06-10,2608.0
2019-06-11,2603.0
2019-06-12,2529.0
2019-06-13,2535.0
2019-06-14,2475.0
2019-06-17,2497.0
2019-06-18,2433.0
2019-06-19,2522.0
2019-06-20,2557.0
2019-06-21,2583.0
2019-06-24,2649.0
2019-06-25,2647.0
2019-06-26,2710.0
2019-06-27,2716.0
2019-06-28,2775.0
2019-07-01,2863.0
2019-07-02,2832.0
2019-07-03,2726.0
2019-07-04,2776.0
2019-07-05,2828.0
2019-07-08,2896.0
2019-07-09,2880.0
2019-07-10,2960.0
2019-07-11,3152.0
2019-07-12,3145.0
2019-07-15,3054.0
2019-07-16,2912.0
2019-07-17,2931.0
2019-07-18,2948.0
2019-07-19,2952.0
2019-07-22,2961.0
2019-07-23,2920.0
2019-07-24,2904.0
2019-07-25,2916.0
2019-07-26,3027.0
2019-07-29,2983.0
2019-07-30,3053.0
2019-07-31,3087.0
2019-08-01,3104.0
2019-08-02,2986.0
2019-08-05,2981.0
2019-08-06,2382.0
2019-08-07,2284.0
2019-08-08,2259.0
2019-08-09,2233.0
2019-08-12,2251.0
2019-08-13,2204.0
2019-08-14,2252.0
2019-08-15,2187.0
2019-08-16,2174.0
2019-08-19,2228.0
2019-08-20,2221.0
2019-08-21,2200.0
2019-08-22,2202.0
2019-08-23,2195.0
2019-08-26,2209.0
2019-08-27,2196.0
2019-08-28,2241.0
2019-08-29,2223.0
2019-08-30,2238.0
2019-09-02,2207.0
2019-09-03,2203.0
2019-09-04,2197.0
2019-09-05,2212.0
2019-09-06,2225.0
2019-09-09,2254.0
2019-09-10,2263.0
2019-09-11,2237.0
2019-09-12,2190.0
2019-09-16,2332.0
2019-09-17,2472.0
2019-09-18,2379.0
2019-09-19,2361.0
2019-09-20,2374.0
2019-09-23,2381.0
2019-09-24,2318.0
2019-09-25,2270.0
2019-09-26,2256.0
2019-09-27,2232.0
2019-09-30,2222.0
2019-10-08,2189.0
2019-10-09,2193.0
2019-10-10,2194.0
2019-10-11,2224.0
2019-10-14,2197.0
2019-10-15,2164.0
2019-10-16,2148.0
2019-10-17,2129.0
2019-10-18,2138.0
2019-10-21,2113.0
2019-10-22,2102.0
2019-10-23,2097.0
2019-10-24,2127.0
2019-10-25,2108.0
2019-10-28,2099.0
2019-10-29,2096.0
2019-10-30,2097.0
2019-10-31,2108.0
2019-11-01,2097.0
2019-11-04,2134.0
2019-11-05,2123.0
2019-11-06,2087.0
2019-11-07,2056.0
2019-11-08,2016.0
2019-11-11,1933.0
2019-11-12,1931.0
2019-11-13,1867.0
2019-11-14,1848.0
2019-11-15,1734.0
2019-11-18,1762.0
2019-11-19,1782.0
2019-11-20,1729.0
2019-11-21,1803.0
2019-11-22,1815.0
2019-11-25,1843.0
2019-11-26,1832.0
2019-11-27,1823.0
2019-11-28,1825.0
2019-11-29,1935.0
2019-12-02,1859.0
2019-12-03,1889.0
2019-12-04,1917.0
2019-12-05,1952.0
2019-12-06,1980.0
2019-12-09,2011.0
2019-12-10,2022.0
2019-12-11,2070.0
2019-12-12,2069.0
2019-12-13,2074.0
2019-12-16,2087.0
2019-12-17,2075.0
2019-12-18,2067.0
2019-12-19,2131.0
2019-12-20,2168.0
2019-12-23,2160.0
2019-12-24,2158.0
2019-12-25,2170.0
2019-12-26,2161.0
2019-12-27,2178.0
2019-12-30,2226.0
2019-12-31,2163.0
2020-01-02,2176.0
2020-01-03,2270.0
2020-01-06,2411.0
2020-01-07,2375.0
2020-01-08,2475.0
2020-01-09,2348.0
2020-01-10,2416.0
2020-01-13,2415.0
2020-01-14,2387.0
2020-01-15,2295.0
2020-01-16,2290.0
2020-01-17,2306.0
2020-01-20,2345.0
2020-01-21,2294.0
2020-01-22,2328.0
2020-01-23,2286.0
2020-02-03,2059.0
2020-02-04,2032.0
2020-02-05,2063.0
2020-02-06,2140.0
2020-02-07,2137.0
2020-02-10,2110.0
2020-02-11,2123.0
2020-02-12,2171.0
2020-02-13,2195.0
2020-02-14,2203.0
2020-02-17,2249.0
2020-02-18,2214.0
2020-02-19,2269.0
2020-02-20,2326.0
2020-02-21,2291.0
2020-02-24,2179.0
2020-02-25,2216.0
2020-02-26,2090.0
2020-02-27,2021.0
2020-02-28,1953.0
2020-03-02,2053.0
2020-03-03,2063.0
2020-03-04,2080.0
2020-03-05,2083.0
2020-03-06,2013.0
2020-03-09,1851.0
2020-03-10,1678.0
2020-03-11,1652.0
2020-03-12,1567.0
2020-03-13,1584.0
2020-03-16,1511.0
2020-03-17,1530.0
2020-03-18,1451.0
2020-03-19,1373.0
2020-03-20,1469.0
2020-03-23,1432.0
2020-03-24,1483.0
2020-03-25,1498.0
2020-03-26,1438.0
2020-03-27,1455.0
2020-03-30,1392.0
2020-03-31,1467.0
2020-04-01,1443.0
2020-04-02,1537.0
2020-04-03,1526.0
2020-04-07,1579.0
2020-04-08,1738.0
2020-04-09,1767.0
2020-04-10,1750.0
2020-04-13,1732.0
2020-04-14,1739.0
2020-04-15,1717.0
2020-04-16,1648.0
2020-04-17,1687.0
2020-04-20,1645.0
2020-04-21,1560.0
2020-04-22,1435.0
2020-04-23,1535.0
2020-04-24,1536.0
2020-04-27,1420.0
2020-04-28,1443.0
2020-04-29,1467.0
2020-04-30,1512.0
2020-05-06,1580.0
2020-05-07,1578.0
2020-05-08,1600.0
2020-05-11,1582.0
2020-05-12,1564.0
2020-05-13,1529.0
2020-05-14,1527.0
2020-05-15,1590.0
2020-05-18,1620.0
2020-05-19,1617.0
2020-05-20,1644.0
2020-05-21,1676.0
2020-05-22,1611.0
2020-05-25,1635.0
2020-05-26,1660.0
2020-05-27,1628.0
2020-05-28,1632.0
2020-05-29,1624.0
2020-06-01,1675.0
2020-06-02,1668.0
2020-06-03,1751.0
2020-06-04,1704.0
2020-06-05,1735.0
2020-06-08,1774.0
2020-06-09,1735.0
2020-06-10,1745.0
2020-06-11,1734.0
2020-06-12,1651.0
2020-06-15,1646.0
2020-06-16,1693.0
2020-06-17,1695.0
2020-06-18,1686.0
2020-06-19,1735.0
2020-06-22,1705.0
2020-06-23,1729.0
2020-06-24,1717.0
2020-06-29,1636.0
2020-06-30,1672.0
2020-07-01,1683.0
2020-07-02,1702.0
2020-07-03,1709.0
2020-07-06,1742.0
2020-07-07,1695.0
2020-07-08,1724.0
2020-07-09,1719.0
2020-07-10,1670.0
2020-07-13,1724.0
2020-07-14,1694.0
2020-07-15,1725.0
2020-07-16,1714.0
2020-07-17,1730.0
2020-07-20,1698.0
2020-07-21,1719.0
2020-07-22,1736.0
2020-07-23,1745.0
2020-07-24,1696.0
2020-07-27,1689.0
2020-07-28,1687.0
2020-07-29,1703.0
2020-07-30,1684.0
2020-07-31,1664.0
2020-08-03,1639.0
2020-08-04,1652.0
2020-08-05,1656.0
2020-08-06,1659.0
2020-08-07,1647.0
2020-08-10,1659.0
2020-08-11,1668.0
2020-08-12,1895.0
2020-08-13,1882.0
2020-08-14,1893.0
2020-08-17,1875.0
2020-08-18,1889.0
2020-08-19,1886.0
2020-08-20,1939.0
2020-08-21,1968.0
2020-08-24,1966.0
2020-08-25,2030.0
2020-08-26,2036.0
2020-08-27,2019.0
2020-08-28,2010.0
2020-08-31,2011.0
2020-09-01,2011.0
2020-09-02,2014.0
2020-09-03,1966.0
2020-09-04,1973.0
2020-09-07,1918.0
2020-09-08,1912.0
2020-09-09,1808.0
2020-09-10,1825.0
2020-09-11,1826.0
2020-09-14,1849.0
2020-09-15,1826.0
2020-09-16,1862.0
2020-09-17,1835.0
2020-09-18,1890.0
2020-09-21,1861.0
2020-09-22,1808.0
2020-09-23,1797.0
2020-09-24,1797.0
2020-09-25,1825.0
2020-09-28,1819.0
2020-09-29,1835.0
2020-09-30,1798.0
2020-10-09,1878.0
2020-10-12,1868.0
2020-10-13,1865.0
2020-10-14,1867.0
2020-10-15,1933.0
2020-10-16,1944.0
2020-10-19,1959.0
2020-10-20,1921.0
2020-10-21,1919.0
2020-10-22,1888.0
2020-10-23,1932.0
2020-10-26,1865.0
2020-10-27,1866.0
2020-10-28,1824.0
2020-10-29,1777.0
2020-10-30,1677.0
2020-11-02,1652.0
2020-11-03,1699.0
2020-11-04,1718.0
2020-11-05,1712.0
2020-11-06,1678.0
2020-11-09,1740.0
2020-11-10,1788.0
2020-11-11,1806.0
2020-11-12,1804.0
2020-11-13,1776.0
2020-11-16,1810.0
2020-11-17,1837.0
2020-11-18,1808.0
2020-11-19,1827.0
2020-11-20,1849.0
2020-11-23,1858.0
2020-11-24,1901.0
2020-11-25,1918.0
2020-11-26,1917.0
2020-11-27,1889.0
2020-11-30,1870.0
2020-12-01,1876.0
2020-12-02,1853.0
2020-12-03,1872.0
2020-12-04,1919.0
2020-12-07,1896.0
2020-12-08,1853.0
2020-12-09,2042.0
2020-12-10,2014.0
2020-12-11,2045.0
2020-12-14,2102.0
2020-12-15,2094.0
2020-12-16,2096.0
2020-12-17,2192.0
2020-12-18,2170.0
2020-12-21,2128.0
2020-12-22,2022.0
2020-12-23,2029.0
2020-12-24,2070.0
2020-12-25,2093.0
2020-12-28,2066.0
2020-12-29,2076.0
2020-12-30,2067.0
2020-12-31,2060.0
2021-01-04,2126.0
2021-01-05,2054.0
2021-01-06,2127.0
2021-01-07,2194.0
2021-01-08,2216.0
2021-01-11,2171.0
2021-01-12,2215.0
2021-01-13,2256.0
2021-01-14,2235.0
2021-01-15,2206.0
2021-01-18,2181.0
2021-01-19,2191.0
2021-01-20,2215.0
2021-01-21,2192.0
2021-01-22,2119.0
2021-01-25,2099.0
2021-01-26,2076.0
2021-01-27,2125.0
2021-01-28,2116.0
2021-01-29,2155.0
2021-02-01,2178.0
2021-02-02,2221.0
2021-02-03,2218.0
2021-02-04,2246.0
2021-02-05,2259.0
2021-02-08,2287.0
2021-02-09,2342.0
2021-02-10,2057.0
2021-02-18,2399.0
2021-02-19,2342.0
2021-02-22,2359.0
2021-02-23,2450.0
2021-02-24,2429.0
2021-02-25,2468.0
2021-02-26,2430.0
2021-03-01,2441.0
2021-03-02,2326.0
2021-03-03,2314.0
2021-03-04,2364.0
2021-03-05,2499.0
2021-03-08,2624.0
2021-03-09,2572.0
2021-03-10,2533.0
2021-03-11,2556.0
2021-03-12,2555.0
2021-03-15,2624.0
2021-03-16,2535.0
2021-03-17,2583.0
2021-03-18,2520.0
2021-03-19,2354.0
2021-03-22,2406.0
2021-03-23,2398.0
2021-03-24,2331.0
2021-03-25,2347.0
2021-03-26,2373.0
2021-03-29,2359.0
2021-03-30,2424.0
2021-03-31,2408.0
2021-04-01,2357.0
2021-04-02,2444.0
2021-04-06,2352.0
2021-04-07,2328.0
2021-04-08,2294.0
2021-04-09,2305.0
2021-04-12,2284.0
2021-04-13,2333.0
2021-04-14,2420.0
2021-04-15,2520.0
2021-04-16,2555.0
2021-04-19,2556.0
2021-04-20,2561.0
2021-04-21,2523.0
2021-04-22,2468.0
2021-04-23,2473.0
2021-04-26,2421.0
2021-04-27,2470.0
2021-04-28,2486.0
2021-04-29,2525.0
2021-04-30,2537.0
2021-05-06,2585.0
2021-05-07,2567.0
2021-05-10,2546.0
2021-05-11,2478.0
2021-05-12,2562.0
2021-05-13,2515.0
2021-05-14,2412.0
2021-05-17,2475.0
2021-05-18,2500.0
2021-05-19,2374.0
2021-05-20,2346.0
2021-05-21,2282.0
2021-05-24,2356.0
2021-05-25,2403.0
2021-05-26,2414.0
2021-05-27,2395.0
2021-05-28,2447.0
2021-05-31,2456.0
2021-06-01,2534.0
2021-06-02,2544.0
2021-06-03,2613.0
2021-06-04,2629.0
2021-06-07,2589.0
2021-06-08,2555.0
2021-06-09,2625.0
2021-06-10,2537.0
2021-06-11,2590.0
2021-06-15,2637.0
2021-06-16,2700.0
2021-06-17,2687.0
2021-06-18,2619.0
2021-06-21,2651.0
2021-06-22,2707.0
2021-06-23,2731.0
2021-06-24,2736.0
2021-06-25,2717.0
2021-06-28,2733.0
2021-06-29,2669.0
2021-06-30,2659.0
2021-07-01,2646.0
2021-07-02,2719.0
2021-07-05,2734.0
2021-07-06,2737.0
2021-07-07,2582.0
2021-07-08,2539.0
2021-07-09,2581.0
2021-07-12,2634.0
2021-07-13,2643.0
2021-07-14,2679.0
2021-07-15,2584.0
2021-07-16,2555.0
2021-07-19,2546.0
2021-07-20,2450.0
2021-07-21,2445.0
2021-07-22,2524.0
2021-07-23,2578.0
2021-07-26,2578.0
2021-07-27,2600.0
2021-07-28,2628.0
2021-07-29,2629.0
2021-07-30,2627.0
2021-08-02,2616.0
2021-08-03,2548.0
2021-08-04,2546.0
2021-08-05,2489.0
2021-08-06,2556.0
2021-08-09,2498.0
2021-08-10,2526.0
2021-08-11,2555.0
2021-08-12,2535.0
2021-08-13,2512.0
2021-08-16,2457.0
2021-08-17,2428.0
2021-08-18,2446.0
2021-08-19,2374.0
2021-08-20,2360.0
2021-08-23,2362.0
2021-08-24,2460.0
2021-08-25,2497.0
2021-08-26,2520.0
2021-08-27,2564.0
2021-08-30,2558.0
2021-08-31,2567.0
2021-09-01,2575.0
2021-09-02,2556.0
2021-09-03,2619.0
2021-09-06,2570.0
2021-09-07,2616.0
2021-09-08,2620.0
2021-09-09,2641.0
2021-09-10,2595.0
2021-09-13,2705.0
2021-09-14,2725.0
2021-09-15,2730.0
2021-09-16,2758.0
2021-09-17,2767.0
2021-09-22,2836.0
2021-09-23,2916.0
2021-09-24,2962.0
2021-09-27,2987.0
2021-09-28,3108.0
2021-09-29,2974.0
2021-09-30,2980.0
2021-10-08,3199.0
2021-10-11,3248.0
2021-10-12,3258.0
2021-10-13,3186.0
2021-10-14,3180.0
2021-10-15,3217.0
2021-10-18,3231.0
2021-10-19,3125.0
2021-10-20,3091.0
2021-10-21,3065.0
2021-10-22,2988.0
2021-10-25,3060.0
2021-10-26,3050.0
2021-10-27,2953.0
2021-10-28,2848.0
2021-10-29,2924.0
2021-11-01,2892.0
2021-11-02,2994.0
2021-11-03,2879.0
2021-11-04,2810.0
2021-11-05,2799.0
2021-11-08,2960.0
2021-11-09,2928.0
2021-11-10,2963.0
2021-11-11,2880.0
2021-11-12,2857.0
2021-11-15,2795.0
2021-11-16,2894.0
2021-11-17,2885.0
2021-11-18,2776.0
2021-11-19,2897.0
2021-11-22,2764.0
2021-11-23,2752.0
2021-11-24,2891.0
2021-11-25,2904.0
2021-11-26,2828.0
2021-11-29,2670.0
2021-11-30,2547.0
2021-12-01,2527.0
2021-12-02,2478.0
2021-12-03,2475.0
2021-12-06,2515.0
2021-12-07,2592.0
2021-12-08,2629.0
2021-12-09,2675.0
2021-12-10,2634.0
2021-12-13,2699.0
2021-12-14,2661.0
2021-12-15,2623.0
2021-12-16,2709.0
2021-12-17,2712.0
2021-12-20,2568.0
2021-12-21,2628.0
2021-12-22,2673.0
2021-12-23,2754.0
2021-12-24,2771.0
2021-12-27,2740.0
2021-12-28,2839.0
2021-12-29,2852.0
2021-12-30,2850.0
2021-12-31,2892.0
2022-01-04,2855.0
2022-01-05,2864.0
2022-01-06,2849.0
2022-01-07,2962.0
2022-01-10,2923.0
2022-01-11,2897.0
2022-01-12,2943.0
2022-01-13,2958.0
2022-01-14,2997.0
2022-01-17,3040.0
2022-01-18,3095.0
2022-01-19,3124.0
2022-01-20,3159.0
2022-01-21,3126.0
2022-01-24,3152.0
2022-01-25,3109.0
2022-01-26,3165.0
2022-01-27,3211.0
2022-01-28,3199.0
2022-02-07,3324.0
2022-02-08,3275.0
2022-02-09,3150.0
2022-02-10,3187.0
2022-02-11,3151.0
2022-02-14,3310.0
2022-02-15,3326.0
2022-02-16,3203.0
2022-02-17,3194.0
2022-02-18,3148.0
2022-02-21,3200.0
2022-02-22,3364.0
2022-02-23,3317.0
2022-02-24,3479.0
2022-02-25,3394.0
2022-02-28,3399.0
2022-03-01,3436.0
2022-03-02,3627.0
2022-03-03,3811.0
2022-03-04,3778.0
2022-03-07,4093.0
2022-03-08,4375.0
2022-03-09,4486.0
2022-03-10,3886.0
2022-03-11,4048.0
2022-03-14,3934.0
2022-03-15,3614.0
2022-03-16,3692.0
2022-03-17,3613.0
2022-03-18,3831.0
2022-03-21,3818.0
2022-03-22,4059.0
2022-03-23,4079.0
2022-03-24,4215.0
2022-03-25,4261.0
2022-03-28,4147.0
2022-03-29,4030.0
2022-03-30,4044.0
2022-03-31,3967.0
2022-04-01,3734.0
2022-04-06,3936.0
2022-04-07,3751.0
2022-04-08,3791.0
2022-04-11,3770.0
2022-04-12,3862.0
2022-04-13,3983.0
2022-04-14,4047.0
2022-04-15,4208.0
2022-04-18,4126.0
2022-04-19,4106.0
2022-04-20,4016.0
2022-04-21,4130.0
2022-04-22,4006.0
2022-04-25,3873.0
2022-04-26,3918.0
2022-04-27,4114.0
2022-04-28,4146.0
2022-04-29,4322.0
2022-05-05,4405.0
2022-05-06,4328.0
2022-05-09,4329.0
2022-05-10,3972.0
2022-05-11,4008.0
2022-05-12,4066.0
2022-05-13,4169.0
2022-05-16,4201.0
2022-05-17,4325.0
2022-05-18,4245.0
2022-05-19,4157.0
2022-05-20,4136.0
2022-05-23,4250.0
2022-05-24,4130.0
2022-05-25,4297.0
2022-05-26,4286.0
2022-05-27,4281.0
2022-05-30,4118.0
2022-05-31,4247.0
2022-06-01,4159.0
2022-06-02,4022.0
2022-06-06,4259.0
2022-06-07,4086.0
2022-06-08,4025.0
2022-06-09,3881.0
2022-06-10,4027.0
2022-06-13,4038.0
2022-06-14,4198.0
2022-06-15,4159.0
2022-06-16,4034.0
2022-06-17,4061.0
2022-06-20,3846.0
2022-06-21,3912.0
2022-06-22,3718.0
2022-06-23,3772.0
2022-06-24,3753.0
2022-06-27,3868.0
2022-06-28,3919.0
2022-06-29,3906.0
2022-06-30,3846.0
2022-07-01,3682.0
2022-07-04,3675.0
2022-07-05,3507.0
2022-07-06,3278.0
2022-07-07,3211.0
2022-07-08,3241.0
2022-07-11,3230.0
2022-07-12,3215.0
2022-07-13,2997.0
2022-07-14,2898.0
2022-07-15,2815.0
2022-07-18,3094.0
2022-07-19,3130.0
2022-07-20,3049.0
2022-07-21,2994.0
2022-07-22,3077.0
2022-07-25,3058.0
2022-07-26,3166.0
2022-07-27,3028.0
2022-07-28,3187.0
2022-07-29,3195.0
2022-08-01,3271.0
2022-08-02,3245.0
2022-08-03,3126.0
2022-08-04,3012.0
2022-08-05,3065.0
2022-08-08,3126.0
2022-08-09,3143.0
2022-08-10,3143.0
2022-08-11,3307.0
2022-08-12,3405.0
2022-08-15,3363.0
2022-08-16,3241.0
2022-08-17,3229.0
2022-08-18,3199.0
2022-08-19,3162.0
2022-08-22,3137.0
2022-08-23,3275.0
2022-08-24,3318.0
2022-08-25,3324.0
2022-08-26,3354.0
2022-08-29,3353.0
2022-08-30,3303.0
2022-08-31,3134.0
2022-09-01,3009.0
2022-09-02,2955.0
2022-09-05,3044.0
2022-09-06,3020.0
2022-09-07,2855.0
2022-09-08,2755.0
2022-09-09,2751.0
2022-09-13,2862.0
2022-09-14,2873.0
2022-09-15,2852.0
2022-09-16,2825.0
2022-09-19,2757.0
2022-09-20,2804.0
2022-09-21,2791.0
2022-09-22,2759.0
2022-09-23,2826.0
2022-09-26,2631.0
2022-09-27,2654.0
2022-09-28,2653.0
2022-09-29,2740.0
2022-09-30,2727.0
2022-10-10,2960.0
2022-10-11,2873.0
2022-10-12,2812.0
2022-10-13,2706.0
2022-10-14,2727.0
2022-10-17,2646.0
2022-10-18,2660.0
2022-10-19,2669.0
2022-10-20,2790.0
2022-10-21,2670.0
2022-10-24,2663.0
2022-10-25,2652.0
2022-10-26,2569.0
2022-10-27,2648.0
2022-10-28,2673.0
2022-10-31,2633.0
2022-11-01,2752.0
2022-11-02,2828.0
2022-11-03,2809.0
2022-11-04,2859.0
2022-11-07,2882.0
2022-11-08,2922.0
2022-11-09,2859.0
2022-11-10,2804.0
2022-11-11,2913.0
2022-11-14,2841.0
2022-11-15,2829.0
2022-11-16,2849.0
2022-11-17,2775.0
2022-11-18,2797.0
2022-11-21,2671.0
2022-11-22,2659.0
2022-11-23,2668.0
2022-11-24,2624.0
2022-11-25,2647.0
2022-11-28,2547.0
2022-11-29,2628.0
2022-11-30,2584.0
2022-12-01,2571.0
2022-12-02,2548.0
2022-12-05,2595.0
2022-12-06,2539.0
2022-12-07,2495.0
2022-12-08,2514.0
2022-12-09,2561.0
2022-12-12,2520.0
2022-12-13,2546.0
2022-12-14,2552.0
2022-12-15,2601.0
2022-12-16,2529.0
2022-12-19,2432.0
2022-12-20,2568.0
2022-12-21,2625.0
2022-12-22,2667.0
2022-12-23,2704.0
2022-12-26,2702.0
2022-12-27,2772.0
2022-12-28,2736.0
2022-12-29,2712.0
2022-12-30,2749.0
2023-01-03,2734.0
2023-01-04,2557.0
2023-01-05,2511.0
2023-01-06,2526.0
2023-01-09,2528.0
2023-01-10,2531.0
2023-01-11,2526.0
2023-01-12,2627.0
2023-01-13,2635.0
2023-01-16,2637.0
2023-01-17,2643.0
2023-01-18,2799.0
2023-01-19,2747.0
2023-01-20,2818.0
2023-01-30,2756.0
2023-01-31,2728.0
2023-02-01,2750.0
2023-02-02,2606.0
2023-02-03,2590.0
2023-02-06,2548.0
2023-02-07,2630.0
2023-02-08,2685.0
2023-02-09,2764.0
2023-02-10,2775.0
2023-02-13,2782.0
2023-02-14,2811.0
2023-02-15,2837.0
2023-02-16,2906.0
2023-02-17,2908.0
2023-02-20,2894.0
2023-02-21,2894.0
2023-02-22,2919.0
2023-02-23,2897.0
2023-02-24,2888.0
2023-02-27,2889.0
2023-02-28,2893.0
2023-03-01,2937.0
2023-03-02,2971.0
2023-03-03,3039.0
2023-03-06,3039.0
2023-03-07,3063.0
2023-03-08,3044.0
2023-03-09,3017.0
2023-03-10,2942.0
2023-03-13,2972.0
2023-03-14,2846.0
2023-03-15,2809.0
2023-03-16,2655.0
2023-03-17,2635.0
2023-03-20,2580.0
2023-03-21,2612.0
2023-03-22,2612.0
2023-03-23,2606.0
2023-03-24,2631.0
2023-03-27,2627.0
2023-03-28,2697.0
2023-03-29,2733.0
2023-03-30,2742.0
2023-03-31,2750.0
2023-04-03,2917.0
2023-04-04,3041.0
2023-04-06,3082.0
2023-04-07,3135.0
2023-04-10,3096.0
2023-04-11,3106.0
2023-04-12,3168.0
2023-04-13,3184.0
2023-04-14,3169.0
2023-04-17,3162.0
2023-04-18,3161.0
2023-04-19,3137.0
2023-04-20,3059.0
2023-04-21,3002.0
2023-04-24,3021.0
2023-04-25,3146.0
2023-04-26,3083.0
2023-04-27,2954.0
2023-04-28,2973.0
2023-05-04,2823.0
2023-05-05,2720.0
2023-05-08,2889.0
2023-05-09,2919.0
2023-05-10,2947.0
2023-05-11,2944.0
2023-05-12,2884.0
2023-05-15,2861.0
2023-05-16,2906.0
2023-05-17,2900.0
2023-05-18,3062.0
2023-05-19,3067.0
2023-05-22,2936.0
2023-05-23,2974.0
2023-05-24,3011.0
2023-05-25,3056.0
2023-05-26,2960.0
2023-05-29,3019.0
2023-05-30,2984.0
2023-05-31,2883.0
2023-06-01,2928.0
2023-06-02,2985.0
2023-06-05,3046.0
2023-06-06,3000.0
2023-06-07,3005.0
2023-06-08,3033.0
2023-06-09,2982.0
2023-06-12,2947.0
2023-06-13,2932.0
2023-06-14,3016.0
2023-06-15,2970.0
2023-06-16,3059.0
2023-06-19,3044.0
2023-06-20,3067.0
2023-06-21,3097.0
2023-06-26,3114.0
2023-06-27,3064.0
2023-06-28,3015.0
2023-06-29,3096.0
2023-06-30,3086.0
2023-07-03,3105.0
2023-07-04,3112.0
2023-07-05,3149.0
2023-07-06,3160.0
2023-07-07,3172.0
2023-07-10,3206.0
2023-07-11,3227.0
2023-07-12,3222.0
2023-07-13,3216.0
2023-07-14,3235.0
2023-07-17,3163.0
2023-07-18,3178.0
2023-07-19,3215.0
2023-07-20,3241.0
2023-07-21,3268.0
2023-07-24,3289.0
2023-07-25,3346.0
2023-07-26,3355.0
2023-07-27,3365.0
2023-07-28,3403.0
2023-07-31,3445.0
2023-08-01,3547.0
2023-08-02,3640.0
2023-08-03,3563.0
2023-08-04,3625.0
2023-08-07,3657.0
2023-08-08,3476.0
2023-08-09,3523.0
2023-08-10,3587.0
2023-08-11,3564.0
2023-08-14,3536.0
2023-08-15,3589.0
2023-08-16,3513.0
2023-08-17,3573.0
2023-08-18,3591.0
2023-08-21,3735.0
2023-08-22,3692.0
2023-08-23,3648.0
2023-08-24,3528.0
2023-08-25,3552.0
2023-08-28,3497.0
2023-08-29,3526.0
2023-08-30,3648.0
2023-08-31,3637.0
2023-09-01,3596.0
2023-09-04,3602.0
2023-09-05,3594.0
2023-09-06,3704.0
2023-09-07,3742.0
2023-09-08,3737.0
2023-09-11,3740.0
2023-09-12,3755.0
2023-09-13,3809.0
2023-09-14,3812.0
2023-09-15,3839.0
2023-09-18,3824.0
2023-09-19,3737.0
2023-09-20,3678.0
2023-09-21,3660.0
2023-09-22,3763.0
2023-09-25,3777.0
2023-09-26,3684.0
2023-09-27,3820.0
2023-09-28,3862.0
2023-10-09,3534.0
2023-10-10,3318.0
2023-10-11,3334.0
2023-10-12,3295.0
2023-10-13,3331.0
2023-10-16,3459.0
2023-10-17,3419.0
2023-10-18,3467.0
2023-10-19,3496.0
2023-10-20,3498.0
2023-10-23,3384.0
2023-10-24,3391.0
2023-10-25,3335.0
2023-10-26,3340.0
2023-10-27,3352.0
2023-10-30,3322.0
2023-10-31,3267.0
2023-11-01,3275.0
2023-11-02,3291.0
2023-11-03,3330.0
2023-11-06,3276.0
2023-11-07,3202.0
2023-11-08,3121.0
2023-11-09,3103.0
2023-11-10,3153.0
2023-11-13,3164.0
2023-11-14,3195.0
2023-11-15,3225.0
2023-11-16,3159.0
2023-11-17,3079.0
2023-11-20,3197.0
2023-11-21,3167.0
2023-11-22,3188.0
2023-11-23,3067.0
2023-11-24,3133.0
2023-11-27,3073.0
2023-11-28,3080.0
2023-11-29,3137.0
2023-11-30,3229.0
2023-12-01,3139.0
2023-12-04,3068.0
2023-12-05,3099.0
2023-12-06,3063.0
2023-12-07,2928.0
2023-12-08,2957.0
2023-12-11,2972.0
2023-12-12,3013.0
2023-12-13,2899.0
2023-12-14,2939.0
2023-12-15,2987.0
2023-12-18,2996.0
2023-12-19,3017.0
2023-12-20,3053.0
2023-12-21,3074.0
2023-12-22,3098.0
2023-12-25,3050.0
2023-12-26,3075.0
2023-12-27,3125.0
2023-12-28,3058.0
2023-12-29,2928.0
2024-01-02,2999.0
2024-01-03,2953.0
2024-01-04,3111.0
2024-01-05,3068.0
2024-01-08,3009.0
2024-01-09,2928.0
2024-01-10,2969.0
2024-01-11,2951.0
2024-01-12,2959.0
2024-01-15,2952.0
2024-01-16,2969.0
2024-01-17,2969.0
2024-01-18,2974.0
2024-01-19,2979.0
2024-01-22,2952.0
2024-01-23,2987.0
2024-01-24,2966.0
2024-01-25,2963.0
2024-01-26,3043.0
2024-01-29,3121.0
2024-01-30,3102.0
2024-01-31,3111.0
2024-02-01,3086.0
2024-02-02,2988.0
2024-02-05,3002.0
2024-02-06,3021.0
2024-02-07,3020.0
2024-02-08,3082.0
2024-02-19,3106.0
2024-02-20,3110.0
2024-02-21,3118.0
2024-02-22,3148.0
2024-02-23,3118.0
2024-02-26,3067.0
2024-02-27,3114.0
2024-02-28,3111.0
2024-02-29,3109.0
2024-03-01,3110.0
2024-03-04,3159.0
2024-03-05,3123.0
2024-03-06,3167.0
2024-03-07,3228.0
2024-03-08,3246.0
2024-03-11,3167.0
2024-03-12,3162.0
2024-03-13,3208.0
2024-03-14,3292.0
2024-03-15,3312.0
2024-03-18,3318.0
2024-03-19,3367.0
2024-03-20,3390.0
2024-03-21,3368.0
2024-03-22,3356.0
2024-03-25,3384.0
2024-03-26,3429.0
2024-03-27,3380.0
2024-03-28,3420.0
2024-03-29,3481.0
2024-04-01,3495.0
2024-04-02,3494.0
2024-04-03,3517.0
2024-04-08,3536.0
2024-04-09,3577.0
2024-04-10,3483.0
2024-04-11,3486.0
2024-04-12,3528.0
2024-04-15,3535.0
2024-04-16,3581.0
2024-04-17,3560.0
2024-04-18,3491.0
2024-04-19,3564.0
2024-04-22,3431.0
2024-04-23,3474.0
2024-04-24,3502.0
2024-04-25,3525.0
2024-04-26,3564.0
2024-04-29,3512.0
2024-04-30,3491.0
2024-05-06,3408.0
2024-05-07,3414.0
2024-05-08,3388.0
2024-05-09,3408.0
2024-05-10,3436.0
2024-05-13,3363.0
2024-05-14,3380.0
2024-05-15,3354.0
2024-05-16,3363.0
2024-05-17,3398.0
2024-05-20,3486.0
2024-05-21,3458.0
2024-05-22,3437.0
2024-05-23,3368.0
2024-05-24,3385.0
2024-05-27,3439.0
2024-05-28,3538.0
2024-05-29,3577.0
2024-05-30,3536.0
2024-05-31,3481.0
2024-06-03,3419.0
2024-06-04,3316.0
2024-06-05,3281.0
2024-06-06,3280.0
2024-06-07,3290.0
2024-06-11,3383.0
2024-06-12,3425.0
2024-06-13,3415.0
2024-06-14,3399.0
2024-06-17,3362.0
2024-06-18,3439.0
2024-06-19,3510.0
2024-06-20,3544.0
2024-06-21,3532.0
2024-06-24,3507.0
2024-06-25,3525.0
2024-06-26,3536.0
2024-06-27,3534.0
2024-06-28,3564.0
2024-07-01,3567.0
2024-07-02,3606.0
2024-07-03,3615.0
2024-07-04,3599.0
2024-07-05,3623.0
2024-07-08,3567.0
2024-07-09,3564.0
2024-07-10,3490.0
2024-07-11,3560.0
2024-07-12,3547.0
2024-07-15,3512.0
2024-07-16,3492.0
2024-07-17,3495.0
2024-07-18,3572.0
2024-07-19,3500.0
2024-07-22,3440.0
2024-07-23,3413.0
2024-07-24,3407.0
2024-07-25,3351.0
2024-07-26,3372.0
2024-07-29,3375.0
2024-07-30,3313.0
2024-07-31,3329.0
2024-08-01,3379.0
2024-08-02,3315.0
2024-08-05,3147.0
2024-08-06,3144.0
2024-08-07,3150.0
2024-08-08,3217.0
2024-08-09,3287.0
2024-08-12,3360.0
2024-08-13,3202.0
2024-08-14,3146.0
2024-08-15,3093.0
2024-08-16,3137.0
2024-08-19,3067.0
2024-08-20,3015.0
2024-08-21,3020.0
2024-08-22,2952.0
2024-08-23,2990.0
2024-08-26,3078.0
2024-08-27,3110.0
2024-08-28,3059.0
2024-08-29,3005.0
2024-08-30,3027.0
2024-09-02,2886.0
2024-09-03,2908.0
2024-09-04,2774.0
2024-09-05,2744.0
2024-09-06,2765.0
2024-09-09,2741.0
2024-09-10,2717.0
2024-09-11,2729.0
2024-09-12,2781.0
2024-09-13,2804.0
2024-09-18,2818.0
2024-09-19,2864.0
2024-09-20,2921.0
2024-09-23,2919.0
2024-09-24,2902.0
2024-09-25,2875.0
2024-09-26,2748.0
2024-09-27,2749.0
2024-09-30,2831.0
2024-10-08,3050.0
2024-10-09,3129.0
2024-10-10,3154.0
2024-10-11,3257.0
2024-10-14,3245.0
2024-10-15,2982.0
2024-10-16,2975.0
2024-10-17,2945.0
2024-10-18,3035.0
2024-10-21,2978.0
2024-10-22,3015.0
2024-10-23,3140.0
2024-10-24,3109.0
2024-10-25,3094.0
2024-10-28,3012.0
2024-10-29,2967.0
2024-10-30,2987.0
2024-10-31,2995.0
2024-11-01,3041.0
2024-11-04,3016.0
2024-11-05,3037.0
2024-11-06,3040.0
2024-11-07,3109.0
2024-11-08,3104.0
2024-11-11,3124.0
2024-11-12,3079.0
2024-11-13,3093.0
2024-11-14,3089.0
2024-11-15,3037.0
2024-11-18,3020.0
2024-11-19,3088.0
2024-11-20,3076.0
2024-11-21,3085.0
2024-11-22,3138.0
2024-11-25,3135.0
2024-11-26,3119.0
2024-11-27,3144.0
2024-11-28,3175.0
2024-11-29,3180.0
2024-12-02,3205.0
2024-12-03,3125.0
2024-12-04,3153.0
2024-12-05,3018.0
2024-12-06,3053.0
2024-12-09,3031.0
2024-12-10,3039.0
2024-12-11,3069.0
2024-12-12,3195.0
2024-12-13,3186.0
2024-12-16,3215.0
2024-12-17,3227.0
2024-12-18,3207.0
2024-12-19,3239.0
2024-12-20,3234.0
2024-12-23,3238.0
2024-12-24,3236.0
2024-12-25,3247.0
2024-12-26,3259.0
2024-12-27,3242.0
2024-12-30,3273.0
2024-12-31,3326.0
2025-01-02,3306.0
2025-01-03,3329.0
2025-01-06,3346.0
2025-01-07,3324.0
2025-01-08,3353.0
2025-01-09,3339.0
2025-01-10,3416.0
2025-01-13,3625.0
2025-01-14,3577.0
2025-01-15,3534.0
2025-01-16,3641.0
2025-01-17,3673.0
2025-01-20,3641.0
2025-01-21,3655.0
2025-01-22,3625.0
2025-01-23,3600.0
2025-01-24,3613.0
2025-01-27,3400.0
2025-02-05,3506.0
2025-02-06,3436.0
2025-02-07,3491.0
2025-02-10,3513.0
2025-02-11,3557.0
2025-02-12,3566.0
2025-02-13,3432.0
2025-02-14,3425.0
2025-02-17,3411.0
2025-02-18,3446.0
2025-02-19,3449.0
2025-02-20,3459.0
2025-02-21,3422.0
2025-02-24,3349.0
2025-02-25,3343.0
2025-02-26,3246.0
2025-02-27,3251.0
2025-02-28,3281.0
2025-03-03,3264.0
2025-03-04,3121.0
2025-03-05,3088.0
2025-03-06,3074.0
2025-03-07,3110.0
2025-03-10,3115.0
2025-03-11,3101.0
2025-03-12,3066.0
2025-03-13,3105.0
2025-03-14,3124.0
2025-03-17,3107.0
2025-03-18,3144.0
2025-03-19,3068.0
2025-03-20,3127.0
2025-03-21,3156.0
2025-03-24,3176.0
2025-03-25,3194.0
2025-03-26,3227.0
2025-03-27,3157.0
2025-03-28,3167.0
2025-03-31,3146.0
2025-04-01,3248.0
2025-04-02,3236.0
2025-04-03,3228.0
2025-04-07,3006.0
2025-04-08,2897.0
2025-04-09,2788.0
2025-04-10,2901.0
2025-04-11,2894.0
2025-04-14,2908.0
2025-04-15,2947.0
2025-04-16,2891.0
2025-04-17,2961.0
2025-04-18,2983.0
2025-04-21,2985.0
2025-04-22,2987.0
2025-04-23,3068.0
2025-04-24,2998.0
2025-04-25,3028.0
2025-04-28,3026.0
2025-04-29,2969.0
2025-04-30,2913.0
2025-05-06,2837.0
2025-05-07,2888.0
2025-05-08,2875.0
2025-05-09,2949.0
2025-05-12,2996.0
2025-05-13,3006.0
2025-05-14,3057.0
2025-05-15,2985.0
2025-05-16,2989.0
2025-05-19,3012.0
2025-05-20,3042.0
2025-05-21,3074.0
2025-05-22,3000.0
2025-05-23,2995.0
2025-05-26,3037.0
2025-05-27,2972.0
2025-05-28,2986.0
2025-05-29,2897.0
2025-05-30,2770.0
2025-06-03,2828.0
2025-06-04,2841.0
2025-06-05,2853.0
2025-06-06,2858.0
2025-06-09,2874.0
2025-06-10,2924.0
2025-06-11,2912.0
2025-06-12,2997.0
2025-06-13,3205.0
2025-06-16,3276.0
2025-06-17,3247.0
2025-06-18,3333.0
2025-06-19,3369.0
2025-06-20,3363.0
2025-06-23,3385.0
2025-06-24,3065.0
2025-06-25,3015.0
2025-06-26,3019.0
2025-06-27,3002.0
2025-06-30,2990.0
2025-07-01,2979.0
2025-07-02,2960.0
2025-07-03,2987.0
2025-07-04,2966.0
2025-07-07,2947.0
2025-07-08,2972.0
2025-07-09,2982.0
2025-07-10,2972.0
2025-07-11,2911.0
2025-07-14,2922.0
2025-07-15,2840.0
2025-07-16,2880.0
2025-07-17,2863.0
2025-07-18,2912.0
2025-07-21,2924.0
2025-07-22,2924.0
2025-07-23,2879.0
2025-07-24,2879.0
2025-07-25,2915.0
2025-07-28,2869.0
2025-07-29,2917.0
2025-07-30,2956.0
2025-07-31,2933.0
2025-08-01,2916.0
2025-08-04,2846.0
2025-08-05,2842.0
2025-08-06,2835.0
2025-08-07,2826.0
2025-08-08,2766.0
2025-08-11,2760.0
2025-08-12,2770.0
2025-08-13,2730.0
2025-08-14,2700.0
2025-08-15,2691.0
2025-08-18,2739.0
2025-08-19,2713.0
2025-08-20,2719.0
2025-08-21,2736.0
2025-08-22,2769.0
2025-08-25,2831.0
2025-08-26,2842.0
2025-08-27,2790.0
2025-08-28,2793.0
2025-08-29,2812.0
2025-09-01,2824.0
2025-09-02,2847.0
2025-09-03,2840.0
2025-09-04,2760.0
2025-09-05,2759.0
2025-09-08,2767.0
2025-09-09,2766.0
2025-09-10,2786.0
2025-09-11,2802.0
2025-09-12,2717.0
2025-09-15,2799.0
2025-09-16,2795.0
2025-09-17,2831.0
2025-09-18,2798.0
2025-09-19,2796.0
2025-09-22,2784.0
2025-09-23,2759.0
2025-09-24,2860.0
2025-09-25,2887.0
2025-09-26,2918.0
2025-09-29,2919.0
2025-09-30,2867.0
2025-10-09,2834.0
2025-10-10,2781.0
2025-10-13,2737.0
2025-10-14,2700.0
2025-10-15,2683.0
2025-10-16,2694.0
2025-10-17,2627.0
2025-10-20,2646.0
2025-10-21,2647.0
2025-10-22,2691.0
2025-10-23,2752.0
2025-10-24,2814.0
2025-10-27,2842.0
2025-10-28,2818.0
2025-10-29,2796.0
2025-10-30,2751.0
2025-10-31,2745.0
2025-11-03,2790.0
2025-11-04,2764.0
2025-11-05,2743.0
2025-11-06,2728.0
2025-11-07,2695.0
2025-11-10,2693.0
2025-11-11,2671.0
2025-11-12,2693.0
2025-11-13,2595.0
2025-11-14,2622.0
2025-11-17,2593.0
2025-11-18,2558.0
2025-11-19,2560.0
2025-11-20,2517.0
2025-11-21,2502.0
2025-11-24,2512.0
2025-11-25,2491.0
2025-11-26,2467.0
2025-11-27,2471.0
2025-11-28,2501.0
2025-12-01,2495.0
2025-12-02,2469.0
2025-12-03,2437.0
2025-12-04,2442.0
2025-12-05,2455.0
2025-12-08,2508.0
2025-12-09,2418.0
2025-12-10,2427.0
2025-12-11,2382.0
2025-12-12,2405.0
2025-12-15,2441.0
2025-12-16,2396.0
2025-12-17,2415.0
2025-12-18,2439.0
2025-12-19,2390.0
2025-12-22,2458.0
2025-12-23,2483.0
2025-12-24,2480.0
2025-12-25,2489.0
2025-12-26,2491.0
2025-12-29,2459.0
2025-12-30,2473.0
2025-12-31,2447.0
2026-01-05,2427.0
2026-01-06,2479.0
2026-01-07,2437.0
2026-01-08,2458.0
2026-01-09,2514.0
2026-01-12,2461.0
2026-01-13,2461.0
2026-01-14,2586.0
2026-01-15,2586.0
2026-01-16,2522.0
2026-01-19,2538.0
2026-01-20,2512.0
2026-01-21,2542.0
2026-01-22,2592.0
2026-01-23,2643.0
2026-01-26,2791.0
2026-01-27,2692.0
2026-01-28,2735.0
2026-01-29,2815.0
2026-01-30,2803.0
2026-02-02,2669.0
2026-02-03,2693.0
2026-02-04,2779.0
2026-02-05,2804.0
2026-02-06,2831.0
2026-02-09,2794.0
2026-02-10,2845.0
2026-02-11,2860.0
2026-02-12,2888.0
2026-02-13,2840.0
2026-02-24,2942.0
2026-02-25,2943.0
2026-02-26,2987.0
2026-02-27,2960.0
2026-03-02,3186.0
2026-03-03,3473.0
2026-03-04,3888.0
2026-03-05,3845.0
2026-03-06,3972.0
2026-03-09,4548.0
2026-03-10,4386.0
2026-03-11,4318.0
2026-03-12,4653.0
2026-03-13,4730.0
2026-03-16,4848.0
2026-03-17,4771.0
2026-03-18,4629.0
2026-03-19,5011.0
2026-03-20,4756.0
2026-03-23,5060.0
2026-03-24,4590.0
2026-03-25,4348.0
2026-03-26,4393.0
2026-03-27,4464.0
2026-03-30,4619.0
2026-03-31,4446.0
2026-04-01,4001.0
2026-04-02,4385.0
2026-04-03,4511.0
2026-04-07,4545.0
2026-04-08,3887.0
2026-04-09,4139.0
2026-04-10,4059.0
2026-04-13,4191.0
2026-04-14,4096.0
2026-04-15,4032.0
2026-04-16,4027.0
2026-04-17,3975.0
